{"sections":{"article-template":{"type":"article-template","blocks":{"1603557881768":{"type":"texts","settings":{"heading":"Housed in a new aluminum design, the display has a very thin bezel that enhances visual accuracy.","caption":"Each display features two FireWire 400 ports and two USB 2.0 ports, making attachment of desktop peripherals, such as iSight, iPod, digital and still cameras, hard drives, printers and scanners, even more accessible and convenient. Taking advantage of the much thinner and lighter footprint of an LCD, the new displays support the VESA."}},"1603557897400":{"type":"texts","settings":{"heading":"Nulla fermentum fermentum orci nec hendrerit. Vestibulum id eros ut sem dignissim laoreet. Proin ullamcorper ornare velit maximus fermentum. Donec a purus ac nisi convallis dignissim.","caption":"Fusce et suscipit leo, non lobortis lorem. Pellentesque dictum auctor dui, id sodales lorem accumsan nec. Maecenas aliquet eu mauris id tempor. Donec sagittis lectus a pretium dapibus. Praesent at dolor euismod, dignissim mi vitae, tristique tellus. Ut in felis tortor. Phasellus et augue eu dui dapibus consectetur ut ac purus. Integer et lorem ac ipsum ornare fringilla. Ut feugiat faucibus leo."}},"1603557791807":{"type":"image_text","settings":{"image":"shopify:\/\/shop_images\/Rectangle_1108-3.png","heading":"Housed in a new aluminum design, the display has a very thin bezel that enhances visual accuracy. Nulla fermentum fermentum orci nec hendrerit. Vestibulum id eros ut sem dignissim laoreet.","caption":""}},"1603557924770":{"type":"texts","settings":{"heading":"","caption":"Fusce et suscipit leo, non lobortis lorem. Pellentesque dictum auctor dui, id sodales lorem accumsan nec. Maecenas aliquet eu mauris id tempor. Donec sagittis lectus a pretium dapibus. Praesent at dolor euismod, dignissim mi vitae, tristique tellus. Ut in felis tortor. Phasellus et augue eu dui dapibus consectetur ut ac purus. Integer et lorem ac ipsum ornare fringilla. Ut feugiat faucibus leo."}},"1603557935673":{"type":"review","settings":{"content":"“Awesome products. Great quality. I will buy again! Never disappointed”","date":"January 3, 2019"}},"1603557954228":{"type":"texts","settings":{"heading":"Housed in a new aluminum design, the display has a very thin bezel that enhances visual accuracy.","caption":"Each display features two FireWire 400 ports and two USB 2.0 ports, making attachment of desktop peripherals, such as iSight, iPod, digital and still cameras, hard drives, printers and scanners, even more accessible and convenient. Taking advantage of the much thinner and lighter footprint of an LCD, the new displays support the VESA."}},"1603557970242":{"type":"texts","settings":{"heading":"Nulla fermentum fermentum orci nec hendrerit. Vestibulum id eros ut sem dignissim laoreet. Proin ullamcorper ornare velit maximus fermentum. Donec a purus ac nisi convallis dignissim.","caption":"Fusce et suscipit leo, non lobortis lorem. Pellentesque dictum auctor dui, id sodales lorem accumsan nec. Maecenas aliquet eu mauris id tempor. Donec sagittis lectus a pretium dapibus. Praesent at dolor euismod, dignissim mi vitae, tristique tellus. Ut in felis tortor. Phasellus et augue eu dui dapibus consectetur ut ac purus. Integer et lorem ac ipsum ornare fringilla. Ut feugiat faucibus leo."}},"1603558017833":{"type":"article_info","settings":{}},"1603557980525":{"type":"collection","settings":{"heading":"Products from this post","collection":"bestsellers","limit":4}},"1603557997552":{"type":"blog","settings":{"blog":"news","heading":"Realted posts","limit":2,"button":"","url":""}},"1603558028301":{"type":"comment","settings":{}},"1603558033228":{"type":"instagram","settings":{"heading":"Follow <a href=\"https:\/\/www.instagram.com\/roartheme\">@Fastor<\/a> on instagram","image1":"shopify:\/\/shop_images\/Rectangle_949_copy_5.png","url1":"","image2":"shopify:\/\/shop_images\/Rectangle_949_copy_4.png","url2":"","image3":"shopify:\/\/shop_images\/Rectangle_949_copy_2.png","url3":"","image4":"shopify:\/\/shop_images\/Rectangle_949_copy_3-2.png","url4":"","image5":"shopify:\/\/shop_images\/Rectangle_949_copy_3.png","url5":"","image6":"shopify:\/\/shop_images\/Rectangle_949_copy_8.png","url6":"","image7":"shopify:\/\/shop_images\/Rectangle_949_copy_7.png","url7":"","image8":"shopify:\/\/shop_images\/Rectangle_949_copy_6.png","url8":"","image9":"shopify:\/\/shop_images\/Rectangle_949_copy_5.png","url9":"","image10":"shopify:\/\/shop_images\/Rectangle_949_copy_4.png","url10":""}}},"block_order":["1603557881768","1603557897400","1603557791807","1603557924770","1603557935673","1603557954228","1603557970242","1603558017833","1603557980525","1603557997552","1603558028301","1603558033228"],"settings":{}}},"order":["article-template"]}