{"sections":{"1601007560458":{"type":"creative-builder","blocks":{"1603516660945":{"type":"group-start","settings":{"width":100,"width_mobile":100,"hori_scroll_mobile":true,"is_slider":false,"slider_items":1,"slider_items_mobile":2,"slider_autoplay":false,"slider_interval":2000,"slider_arrow_pos":"cent-side"}},"1601007578406":{"type":"banner","settings":{"width":50,"width_mobile":70,"height":570,"mobile_height":200,"has_padding":false,"bg_image":"shopify:\/\/shop_images\/Rectangle_1108-2_44d08944-a236-4871-a758-64900a85cfdb.png","color_bg":"#cccccc","pattern":0,"heading":"MEN","heading_color":"#ffffff","heading_size":50,"heading_weight":400,"heading_shadow":false,"heading_bgcolor_use":false,"heading_bgcolor":"#fff","cap":"","cap_color":"#ffffff","cap_size":14,"cap_weight":400,"cap_shadow":false,"cap_bgcolor_use":false,"cap_bgcolor":"#fff","cta_text":"SHOP NOW","linked_url":"shopify:\/\/collections\/all","modern":false,"cta_color":"#000000","cta_bgcolor":"#ffffff","cta_size":18,"cta_weight":400,"linklist":"","linklist_color":"#000000","linklist_size":13,"linklist_weight":400,"linklist_col":2,"linklist_type":"left","text_align":"text-align-left","side_padding_hori":10,"side_padding_vert":50,"border_top":false,"border_bottom":false,"border_left":false,"border_right":false,"mobile_border_top":false,"mobile_border_bottom":false,"mobile_border_left":false,"mobile_border_right":false,"title":"Banner","content_align_hori":false}},"1601007588841":{"type":"banner","settings":{"width":50,"width_mobile":100,"height":570,"mobile_height":200,"has_padding":false,"bg_image":"shopify:\/\/shop_images\/Rectangle_1108_1c3c50e0-74ee-4f26-91b0-ac52af579c7c.png","color_bg":"#cccccc","pattern":0,"heading":"WOMEN","heading_color":"#ffffff","heading_size":50,"heading_weight":400,"heading_shadow":false,"heading_bgcolor_use":false,"heading_bgcolor":"#fff","cap":"","cap_color":"#ffffff","cap_size":14,"cap_weight":400,"cap_shadow":false,"cap_bgcolor_use":false,"cap_bgcolor":"#fff","cta_text":"SHOP NOW","linked_url":"shopify:\/\/collections\/all","modern":false,"cta_color":"#000000","cta_bgcolor":"#ffffff","cta_size":18,"cta_weight":400,"linklist":"","linklist_color":"#000000","linklist_size":13,"linklist_weight":400,"linklist_col":2,"linklist_type":"left","text_align":"text-align-left","side_padding_hori":10,"side_padding_vert":50,"border_top":false,"border_bottom":false,"border_left":false,"border_right":false,"mobile_border_top":false,"mobile_border_bottom":false,"mobile_border_left":false,"mobile_border_right":false,"title":"Banner","content_align_hori":false}},"1603516664145":{"type":"group-end","settings":{}},"1603514665519":{"type":"banner","settings":{"width":33,"width_mobile":100,"height":360,"mobile_height":220,"has_padding":false,"bg_image":"shopify:\/\/shop_images\/Rectangle_1108-3_ccc4fb61-0801-4fd9-9030-d5af6feb81a6.png","color_bg":"#cccccc","pattern":0,"heading":"BLACK & RED","heading_color":"#000000","heading_size":40,"heading_weight":400,"heading_shadow":false,"heading_bgcolor_use":true,"heading_bgcolor":"#fff","cap":"","cap_color":"#ffffff","cap_size":40,"cap_weight":300,"cap_shadow":false,"cap_bgcolor_use":false,"cap_bgcolor":"#fff","cta_text":"","linked_url":"shopify:\/\/collections\/all","modern":false,"cta_color":"#ffffff","cta_bgcolor":"#000000","cta_size":18,"cta_weight":400,"linklist":"","linklist_color":"#000000","linklist_size":13,"linklist_weight":400,"linklist_col":2,"linklist_type":"left","text_align":"text-align-center","side_padding_hori":50,"side_padding_vert":50,"border_top":false,"border_bottom":false,"border_left":false,"border_right":false,"mobile_border_top":false,"mobile_border_bottom":false,"mobile_border_left":false,"mobile_border_right":false,"title":"Banner","content_align_hori":false}},"1603516462558":{"type":"banner","settings":{"width":33,"width_mobile":100,"height":360,"mobile_height":220,"has_padding":false,"bg_image":"shopify:\/\/shop_images\/Rectangle_1108-2_f922777f-8f0e-4c89-8ca3-224daeebb968.png","color_bg":"#cccccc","pattern":0,"heading":"BLUE?","heading_color":"#000000","heading_size":40,"heading_weight":400,"heading_shadow":false,"heading_bgcolor_use":true,"heading_bgcolor":"#fff","cap":"","cap_color":"#ffffff","cap_size":40,"cap_weight":300,"cap_shadow":false,"cap_bgcolor_use":false,"cap_bgcolor":"#fff","cta_text":"","linked_url":"shopify:\/\/collections\/all","modern":false,"cta_color":"#ffffff","cta_bgcolor":"#000000","cta_size":18,"cta_weight":400,"linklist":"","linklist_color":"#000000","linklist_size":13,"linklist_weight":400,"linklist_col":2,"linklist_type":"left","text_align":"text-align-center","side_padding_hori":50,"side_padding_vert":50,"border_top":false,"border_bottom":false,"border_left":false,"border_right":false,"mobile_border_top":false,"mobile_border_bottom":false,"mobile_border_left":false,"mobile_border_right":false,"title":"Banner","content_align_hori":false}},"1603516583106":{"type":"banner","settings":{"width":33,"width_mobile":100,"height":360,"mobile_height":220,"has_padding":false,"bg_image":"shopify:\/\/shop_images\/Rectangle_1108_f993e045-356e-451e-8f04-32596871f193.png","color_bg":"#cccccc","pattern":0,"heading":"CLASSIC BLACK","heading_color":"#000000","heading_size":40,"heading_weight":400,"heading_shadow":false,"heading_bgcolor_use":true,"heading_bgcolor":"#fff","cap":"","cap_color":"#ffffff","cap_size":40,"cap_weight":300,"cap_shadow":false,"cap_bgcolor_use":false,"cap_bgcolor":"#fff","cta_text":"","linked_url":"shopify:\/\/collections\/all","modern":false,"cta_color":"#ffffff","cta_bgcolor":"#000000","cta_size":18,"cta_weight":400,"linklist":"","linklist_color":"#000000","linklist_size":13,"linklist_weight":400,"linklist_col":2,"linklist_type":"left","text_align":"text-align-center","side_padding_hori":50,"side_padding_vert":50,"border_top":false,"border_bottom":false,"border_left":false,"border_right":false,"mobile_border_top":false,"mobile_border_bottom":false,"mobile_border_left":false,"mobile_border_right":false,"title":"Banner","content_align_hori":false}},"1603516798617":{"type":"spacing","settings":{"width":100,"width_mobile":0,"height":70,"mobile_height":30,"color_bg":"rgba(0,0,0,0)","line_thick":0,"line_width":100,"color_line":"#e6e7e8","line_align":"center"}}},"block_order":["1603516660945","1601007578406","1601007588841","1603516664145","1603514665519","1603516462558","1603516583106","1603516798617"],"settings":{"title":"Banners","heading_hide":true,"heading_underline":false,"underline_color":"#3a3a3a","heading_center":true,"heading_fontsize":27,"has_container":false,"has_padding":false,"color_bg":"rgba(0,0,0,0)","pattern":0,"center_content":false,"has_padding_smallscreen":false,"hori_scroll_mobile":false}},"1601873865690":{"type":"creative-builder","blocks":{"1603333798613":{"type":"collection","settings":{"width":100,"width_mobile":100,"has_padding":false,"collection_id":"latest-products","limit":12,"hori_scroll_mobile":true,"is_slider":false,"slider_items":4,"slider_items_mobile":2,"slider_arrow_pos":"cent-side","title":"Collection"}},"1603049387462":{"type":"spacing","settings":{"width":100,"width_mobile":0,"height":30,"mobile_height":20,"color_bg":"rgba(0,0,0,0)","line_thick":0,"line_width":100,"color_line":"#e6e7e8","line_align":"center"}}},"block_order":["1603333798613","1603049387462"],"settings":{"title":"LATEST PRODUCTS","heading_hide":false,"heading_underline":false,"underline_color":"#3a3a3a","heading_center":true,"heading_fontsize":70,"has_container":true,"has_padding":false,"color_bg":"rgba(0,0,0,0)","pattern":0,"center_content":false,"has_padding_smallscreen":true,"hori_scroll_mobile":false}},"1602374849401":{"type":"index-filter","blocks":{"1602374910161":{"type":"collection","settings":{"collection":"bestsellers"}},"1602374941366":{"type":"collection","settings":{"collection":"featured"}},"1602374936137":{"type":"tags","settings":{"heading":"Color","tags":"Black,Red"}},"1602480538280":{"type":"tags","settings":{"heading":"Brand","tags":"Insight,Brixton,Poler"}}},"block_order":["1602374910161","1602374941366","1602374936137","1602480538280"],"settings":{"visible_on_mobile":true,"has_container":false,"content_width":55,"height":350,"title":"FIND WHAT YOU REALLY NEED!","caption":"<span class=\"px-2\" style=\"background-color:#d9121f\">WITH ADVANCED FILTER<\/span>","placeholder_text":"Choose a collection...","btn":"SEARCH","bg_color":"#cccccc","bg_image":"shopify:\/\/shop_images\/Background.png","heading_color":"#000000","heading_fontsize":70,"heading_fontweight":400,"caption_color":"#ffffff","caption_fontsize":30,"caption_fontweight":300}},"1603049925544":{"type":"creative-builder","blocks":{"1603049940382":{"type":"video","settings":{"width":100,"width_mobile":100,"has_padding":false,"video_source":"youtube","youtube_url":"https:\/\/www.youtube.com\/watch?v=5fFGVQS8xl8","mp4_url":"","cover_img":"shopify:\/\/shop_images\/video_882cd9b7-cc27-4a56-a539-caf49a005168.png","ratio":"3\/1","title":"WANTED<br>VIDEO?","heading_color":"#ffffff","heading_size":82,"heading_weight":400,"cap":"YOUTUBE & MP4 READY!","cap_color":"#ffffff","cap_size":30,"cap_weight":300}}},"block_order":["1603049940382"],"settings":{"title":"VIdeo","heading_hide":true,"heading_underline":false,"underline_color":"#3a3a3a","heading_center":true,"heading_fontsize":27,"has_container":false,"has_padding":false,"color_bg":"rgba(0,0,0,0)","pattern":0,"center_content":false,"has_padding_smallscreen":false,"hori_scroll_mobile":false}},"1603053446548":{"type":"creative-builder","blocks":{"1603053456629":{"type":"promotion","settings":{"width":33,"width_mobile":75,"height":40,"mobile_height":120,"has_padding":false,"linked_url":"shopify:\/\/collections\/all","title":"FREE SHIPPING & RETURN","icon":"speed-truck","icon_pos":"row","hori_alignment":"end","vert_alignment":"center","side_padding_hori":0,"side_padding_vert":0,"icon_size":27,"font_size":18,"font_weight":300,"color_text":"#000000","color_bg":"#e7ecf7","border_top":false,"border_bottom":false,"border_left":false,"border_right":false,"mobile_border_top":false,"mobile_border_bottom":false,"mobile_border_left":false,"mobile_border_right":false}},"1603054028838":{"type":"promotion","settings":{"width":34,"width_mobile":75,"height":40,"mobile_height":120,"has_padding":false,"linked_url":"shopify:\/\/collections\/all","title":"MONEY BACK GUARANTEE","icon":"speed-truck","icon_pos":"row","hori_alignment":"center","vert_alignment":"center","side_padding_hori":0,"side_padding_vert":0,"icon_size":27,"font_size":18,"font_weight":300,"color_text":"#000000","color_bg":"#e7ecf7","border_top":false,"border_bottom":false,"border_left":false,"border_right":false,"mobile_border_top":false,"mobile_border_bottom":false,"mobile_border_left":false,"mobile_border_right":false}},"1603079791331":{"type":"promotion","settings":{"width":33,"width_mobile":75,"height":40,"mobile_height":120,"has_padding":false,"linked_url":"shopify:\/\/collections\/all","title":"FAST AND RELIABLE SUPPORT","icon":"speed-truck","icon_pos":"row","hori_alignment":"start","vert_alignment":"center","side_padding_hori":0,"side_padding_vert":0,"icon_size":27,"font_size":18,"font_weight":300,"color_text":"#000000","color_bg":"#e7ecf7","border_top":false,"border_bottom":false,"border_left":false,"border_right":false,"mobile_border_top":false,"mobile_border_bottom":false,"mobile_border_left":false,"mobile_border_right":false}},"1603079967821":{"type":"spacing","settings":{"width":100,"width_mobile":0,"height":50,"mobile_height":30,"color_bg":"rgba(0,0,0,0)","line_thick":0,"line_width":100,"color_line":"#e6e7e8","line_align":"center"}}},"block_order":["1603053456629","1603054028838","1603079791331","1603079967821"],"settings":{"title":"Promotions","heading_hide":true,"heading_underline":false,"underline_color":"#3a3a3a","heading_center":true,"heading_fontsize":27,"has_container":true,"has_padding":false,"color_bg":"rgba(0,0,0,0)","pattern":0,"center_content":false,"has_padding_smallscreen":false,"hori_scroll_mobile":true}}},"order":["1602374849401","1601007560458","1603053446548","1601873865690","1603049925544"]}