{"sections":{"1600746143555":{"type":"creative-builder","blocks":{"1602579343339":{"type":"group-start","settings":{"width":100,"width_mobile":100,"hori_scroll_mobile":false,"is_slider":true,"slider_items":1,"slider_items_mobile":1,"slider_autoplay":false,"slider_interval":2000,"slider_arrow_pos":"cent-side"}},"1600844294435":{"type":"banner","settings":{"width":100,"width_mobile":100,"height":790,"mobile_height":230,"has_padding":false,"bg_image":"shopify:\/\/shop_images\/Rectangle_1108-2_a4201954-493d-486f-9870-533e28852000.png","color_bg":"#cccccc","pattern":0,"heading":"MEN<br>COLLECTION","heading_color":"#000000","heading_size":100,"heading_weight":400,"heading_shadow":false,"heading_bgcolor_use":false,"heading_bgcolor":"#fff","cap":"-20%","cap_color":"#ffffff","cap_size":60,"cap_weight":400,"cap_shadow":false,"cap_bgcolor_use":true,"cap_bgcolor":"#d9121f","cta_text":"SHOP NOW","linked_url":"shopify:\/\/collections\/all","modern":true,"cta_color":"#000000","cta_bgcolor":"#000000","cta_size":18,"cta_weight":400,"linklist":"","linklist_color":"#000000","linklist_size":13,"linklist_weight":400,"linklist_col":2,"linklist_type":"left","text_align":"text-align-left","side_padding_hori":27,"side_padding_vert":50,"border_top":false,"border_bottom":false,"border_left":false,"border_right":false,"mobile_border_top":false,"mobile_border_bottom":false,"mobile_border_left":false,"mobile_border_right":false,"title":"Banner","content_align_hori":false}},"1600845107201":{"type":"banner","settings":{"width":100,"width_mobile":100,"height":790,"mobile_height":230,"has_padding":false,"bg_image":"shopify:\/\/shop_images\/Rectangle_1108_85b7d1eb-b582-4005-8c0b-7588cce7b4ae.png","color_bg":"#cccccc","pattern":0,"heading":"NEW<br>GLAMOUR","heading_color":"#000000","heading_size":100,"heading_weight":400,"heading_shadow":false,"heading_bgcolor_use":false,"heading_bgcolor":"#fff","cap":"NEW YOU","cap_color":"#ffffff","cap_size":60,"cap_weight":400,"cap_shadow":false,"cap_bgcolor_use":true,"cap_bgcolor":"#d9121f","cta_text":"SHOP NOW","linked_url":"shopify:\/\/collections\/all","modern":true,"cta_color":"#000000","cta_bgcolor":"#000000","cta_size":18,"cta_weight":400,"linklist":"","linklist_color":"#000000","linklist_size":13,"linklist_weight":400,"linklist_col":2,"linklist_type":"left","text_align":"text-align-left","side_padding_hori":27,"side_padding_vert":50,"border_top":false,"border_bottom":false,"border_left":false,"border_right":false,"mobile_border_top":false,"mobile_border_bottom":false,"mobile_border_left":false,"mobile_border_right":false,"title":"Banner","content_align_hori":false}},"1603524224775":{"type":"banner","settings":{"width":100,"width_mobile":100,"height":790,"mobile_height":230,"has_padding":false,"bg_image":"shopify:\/\/shop_images\/Rectangle_1108-3_6027f19c-6c0e-424f-aaf3-5bfa564b9de2.png","color_bg":"#cccccc","pattern":0,"heading":"HAT &<br>GLASSES","heading_color":"#000000","heading_size":100,"heading_weight":400,"heading_shadow":false,"heading_bgcolor_use":false,"heading_bgcolor":"#fff","cap":"SPECIAL PRICE","cap_color":"#ffffff","cap_size":60,"cap_weight":300,"cap_shadow":false,"cap_bgcolor_use":true,"cap_bgcolor":"#d9121f","cta_text":"SHOP NOW","linked_url":"shopify:\/\/collections\/all","modern":true,"cta_color":"#000000","cta_bgcolor":"#ffffff","cta_size":18,"cta_weight":400,"linklist":"","linklist_color":"#000000","linklist_size":13,"linklist_weight":400,"linklist_col":2,"linklist_type":"left","text_align":"text-align-left","side_padding_hori":27,"side_padding_vert":50,"border_top":false,"border_bottom":false,"border_left":false,"border_right":false,"mobile_border_top":false,"mobile_border_bottom":false,"mobile_border_left":false,"mobile_border_right":false,"title":"Banner","content_align_hori":false}},"1602579348138":{"type":"group-end","settings":{}}},"block_order":["1602579343339","1600844294435","1600845107201","1603524224775","1602579348138"],"settings":{"title":"Slider","heading_hide":true,"heading_underline":true,"underline_color":"#685858","heading_center":true,"heading_fontsize":27,"heading_button":"","heading_button_url":"shopify:\/\/collections\/all","has_container":false,"has_padding":true,"color_bg":"rgba(0,0,0,0)","pattern":0,"center_content":false,"has_padding_smallscreen":false,"hori_scroll_mobile":false}},"1601007560458":{"type":"creative-builder","blocks":{"1601007578406":{"type":"banner","settings":{"width":50,"width_mobile":75,"height":270,"mobile_height":250,"has_padding":true,"bg_image":"shopify:\/\/shop_images\/Rectangle_1108-2_e2536dab-fd84-4ed6-bf98-fdb216131333.png","color_bg":"#cccccc","pattern":0,"heading":"MEN","heading_color":"#000000","heading_size":50,"heading_weight":400,"heading_shadow":false,"heading_bgcolor_use":false,"heading_bgcolor":"#fff","cap":"","cap_color":"#808080","cap_size":12,"cap_weight":400,"cap_shadow":false,"cap_bgcolor_use":false,"cap_bgcolor":"#fff","cta_text":"SHOP NOW","linked_url":"shopify:\/\/collections\/all","modern":false,"cta_color":"#000000","cta_bgcolor":"#ffffff","cta_size":18,"cta_weight":400,"linklist":"","linklist_color":"#000000","linklist_size":14,"linklist_weight":400,"linklist_col":2,"linklist_type":"left","text_align":"text-align-left","side_padding_hori":10,"side_padding_vert":50,"border_top":false,"border_bottom":false,"border_left":false,"border_right":false,"mobile_border_top":false,"mobile_border_bottom":false,"mobile_border_left":false,"mobile_border_right":false,"title":"Banner","content_align_hori":false}},"1601007588841":{"type":"banner","settings":{"width":50,"width_mobile":100,"height":270,"mobile_height":250,"has_padding":true,"bg_image":"shopify:\/\/shop_images\/Rectangle_1108_f4cd4d18-7a21-47ad-91f7-f17937dcec57.png","color_bg":"#cccccc","pattern":0,"heading":"WOMEN","heading_color":"#000000","heading_size":50,"heading_weight":400,"heading_shadow":false,"heading_bgcolor_use":false,"heading_bgcolor":"#fff","cap":"","cap_color":"#808080","cap_size":12,"cap_weight":400,"cap_shadow":false,"cap_bgcolor_use":false,"cap_bgcolor":"#fff","cta_text":"SHOP NOW","linked_url":"shopify:\/\/collections\/all","modern":false,"cta_color":"#000000","cta_bgcolor":"#ffffff","cta_size":18,"cta_weight":400,"linklist":"","linklist_color":"#000000","linklist_size":14,"linklist_weight":400,"linklist_col":2,"linklist_type":"left","text_align":"text-align-left","side_padding_hori":10,"side_padding_vert":50,"border_top":false,"border_bottom":false,"border_left":false,"border_right":false,"mobile_border_top":false,"mobile_border_bottom":false,"mobile_border_left":false,"mobile_border_right":false,"title":"Banner","content_align_hori":false}},"1603206384876":{"type":"spacing","settings":{"width":100,"width_mobile":0,"height":50,"mobile_height":30,"color_bg":"rgba(0,0,0,0)","line_thick":0,"line_width":100,"color_line":"#e6e7e8","line_align":"center"}}},"block_order":["1601007578406","1601007588841","1603206384876"],"settings":{"title":"Men - Women","heading_hide":true,"heading_underline":false,"underline_color":"#3a3a3a","heading_center":true,"heading_fontsize":27,"heading_button":"","heading_button_url":"shopify:\/\/collections\/all","has_container":true,"has_padding":false,"color_bg":"rgba(0,0,0,0)","pattern":0,"center_content":false,"has_padding_smallscreen":false,"hori_scroll_mobile":true}},"1601371831722":{"type":"creative-builder","blocks":{"1601371838874":{"type":"collection","settings":{"width":100,"width_mobile":100,"has_padding":false,"collection_id":"latest-products","limit":8,"hori_scroll_mobile":true,"is_slider":true,"slider_items":4,"slider_items_mobile":2,"slider_arrow_pos":"bot-left","title":""}},"1603049257144":{"type":"spacing","settings":{"width":100,"width_mobile":0,"height":30,"mobile_height":20,"color_bg":"rgba(0,0,0,0)","line_thick":0,"line_width":100,"color_line":"#e6e7e8","line_align":"center"}}},"block_order":["1601371838874","1603049257144"],"settings":{"title":"WOMEN","heading_hide":false,"heading_underline":false,"underline_color":"#3a3a3a","heading_center":false,"heading_fontsize":30,"heading_button":"SHOP ALL","heading_button_url":"shopify:\/\/collections\/all","has_container":true,"has_padding":false,"color_bg":"rgba(0,0,0,0)","pattern":0,"center_content":false,"has_padding_smallscreen":true,"hori_scroll_mobile":false}},"1602373899330":{"type":"creative-builder","blocks":{"1602373911493":{"type":"image","settings":{"width":14,"width_mobile":30,"has_padding":false,"image":"shopify:\/\/shop_images\/Rectangle_949_copy_5.png","linked_url":"https:\/\/www.instagram.com\/p\/BjqwcFLA1wv\/","fadeoff":false,"image_pos":"column","text":"","text_align":"text-center","text_color":"#000000","text_size":34,"text_weight":400,"border_top":false,"border_bottom":false,"border_left":false,"border_right":false,"mobile_border_top":false,"mobile_border_bottom":false,"mobile_border_left":false,"mobile_border_right":false}},"1602780355938":{"type":"image","settings":{"width":14,"width_mobile":30,"has_padding":false,"image":"shopify:\/\/shop_images\/Rectangle_949_copy_4.png","linked_url":"https:\/\/www.instagram.com\/p\/BjqwbhHgh2U\/","fadeoff":false,"image_pos":"column","text":"","text_align":"text-center","text_color":"#000000","text_size":18,"text_weight":400,"border_top":false,"border_bottom":false,"border_left":false,"border_right":false,"mobile_border_top":false,"mobile_border_bottom":false,"mobile_border_left":false,"mobile_border_right":false}},"1602780427835":{"type":"image","settings":{"width":14,"width_mobile":30,"has_padding":false,"image":"shopify:\/\/shop_images\/Rectangle_949_copy_2.png","linked_url":"https:\/\/www.instagram.com\/p\/Bjqwbk-gOON\/","fadeoff":false,"image_pos":"column","text":"","text_align":"text-center","text_color":"#000000","text_size":18,"text_weight":400,"border_top":false,"border_bottom":false,"border_left":false,"border_right":false,"mobile_border_top":false,"mobile_border_bottom":false,"mobile_border_left":false,"mobile_border_right":false}},"1602780656547":{"type":"image","settings":{"width":14,"width_mobile":30,"has_padding":false,"image":"shopify:\/\/shop_images\/Rectangle_949_copy_3-2.png","linked_url":"https:\/\/www.instagram.com\/p\/BjqwX7XA944\/","fadeoff":false,"image_pos":"column","text":"","text_align":"text-center","text_color":"#000000","text_size":18,"text_weight":400,"border_top":false,"border_bottom":false,"border_left":false,"border_right":false,"mobile_border_top":false,"mobile_border_bottom":false,"mobile_border_left":false,"mobile_border_right":false}},"1602780698466":{"type":"image","settings":{"width":14,"width_mobile":30,"has_padding":false,"image":"shopify:\/\/shop_images\/Rectangle_949_copy_3.png","linked_url":"https:\/\/www.instagram.com\/p\/BjqwY62ABQ-\/","fadeoff":false,"image_pos":"column","text":"","text_align":"text-center","text_color":"#000000","text_size":18,"text_weight":400,"border_top":false,"border_bottom":false,"border_left":false,"border_right":false,"mobile_border_top":false,"mobile_border_bottom":false,"mobile_border_left":false,"mobile_border_right":false}},"1602780813303":{"type":"image","settings":{"width":14,"width_mobile":30,"has_padding":false,"image":"shopify:\/\/shop_images\/Rectangle_949_copy_8.png","linked_url":"https:\/\/www.instagram.com\/p\/BjqwYb5AJ1b\/","fadeoff":false,"image_pos":"column","text":"","text_align":"text-center","text_color":"#000000","text_size":18,"text_weight":400,"border_top":false,"border_bottom":false,"border_left":false,"border_right":false,"mobile_border_top":false,"mobile_border_bottom":false,"mobile_border_left":false,"mobile_border_right":false}},"1602780860691":{"type":"image","settings":{"width":14,"width_mobile":30,"has_padding":false,"image":"shopify:\/\/shop_images\/Rectangle_949_copy_7.png","linked_url":"https:\/\/www.instagram.com\/p\/BjqwUoygMZ9\/","fadeoff":false,"image_pos":"column","text":"","text_align":"text-center","text_color":"#000000","text_size":18,"text_weight":400,"border_top":false,"border_bottom":false,"border_left":false,"border_right":false,"mobile_border_top":false,"mobile_border_bottom":false,"mobile_border_left":false,"mobile_border_right":false}}},"block_order":["1602373911493","1602780355938","1602780427835","1602780656547","1602780698466","1602780813303","1602780860691"],"settings":{"title":"FOLLOW <span style=\"color:#e24d56\">@FASTOR<\/span> ON INSTAGRAM","heading_hide":false,"heading_underline":false,"underline_color":"#3a3a3a","heading_center":true,"heading_fontsize":27,"heading_button":"","heading_button_url":"shopify:\/\/collections\/all","has_container":true,"has_padding":false,"color_bg":"#ffffff","pattern":0,"center_content":true,"has_padding_smallscreen":false,"hori_scroll_mobile":true}},"1602841692046":{"type":"creative-builder","blocks":{"1602841702768":{"type":"banner","settings":{"width":100,"width_mobile":100,"height":500,"mobile_height":240,"has_padding":false,"bg_image":"shopify:\/\/shop_images\/Rectangle_1108_26d92cdd-348d-49fd-bf61-f8cf092f915b.png","color_bg":"#cccccc","pattern":0,"heading":"NEW<br>GLAMOUR","heading_color":"#000000","heading_size":80,"heading_weight":400,"heading_shadow":false,"heading_bgcolor_use":false,"heading_bgcolor":"#fff","cap":"NEW YOU","cap_color":"#ffffff","cap_size":60,"cap_weight":300,"cap_shadow":false,"cap_bgcolor_use":true,"cap_bgcolor":"#ea0606","cta_text":"SHOP NOW","linked_url":"shopify:\/\/collections\/all","modern":true,"cta_color":"#000000","cta_bgcolor":"#000000","cta_size":16,"cta_weight":400,"linklist":"","linklist_color":"#000000","linklist_size":13,"linklist_weight":400,"linklist_col":2,"linklist_type":"left","text_align":"text-align-left","side_padding_hori":23,"side_padding_vert":50,"border_top":false,"border_bottom":false,"border_left":false,"border_right":false,"mobile_border_top":false,"mobile_border_bottom":false,"mobile_border_left":false,"mobile_border_right":false,"title":"Banner","content_align_hori":false}},"1603049227136":{"type":"spacing","settings":{"width":100,"width_mobile":0,"height":30,"mobile_height":20,"color_bg":"rgba(0,0,0,0)","line_thick":0,"line_width":100,"color_line":"#e6e7e8","line_align":"center"}}},"block_order":["1602841702768","1603049227136"],"settings":{"title":"Banners","heading_hide":true,"heading_underline":false,"underline_color":"#3a3a3a","heading_center":true,"heading_fontsize":27,"heading_button":"","heading_button_url":"shopify:\/\/collections\/all","has_container":true,"has_padding":false,"color_bg":"rgba(0,0,0,0)","pattern":0,"center_content":false,"has_padding_smallscreen":false,"hori_scroll_mobile":false}},"1603053446548":{"type":"creative-builder","blocks":{"1603053456629":{"type":"promotion","settings":{"width":33,"width_mobile":75,"height":40,"mobile_height":120,"has_padding":false,"linked_url":"shopify:\/\/collections\/all","title":"FREE SHIPPING & RETURN","icon":"speed-truck","icon_pos":"row","hori_alignment":"end","vert_alignment":"center","side_padding_hori":0,"side_padding_vert":0,"icon_size":27,"font_size":18,"font_weight":300,"color_text":"#000000","color_bg":"#e7ecf7","border_top":false,"border_bottom":false,"border_left":false,"border_right":false,"mobile_border_top":false,"mobile_border_bottom":false,"mobile_border_left":false,"mobile_border_right":false}},"1603054028838":{"type":"promotion","settings":{"width":34,"width_mobile":75,"height":40,"mobile_height":120,"has_padding":false,"linked_url":"shopify:\/\/collections\/all","title":"MONEY BACK GUARANTEE","icon":"speed-truck","icon_pos":"row","hori_alignment":"center","vert_alignment":"center","side_padding_hori":0,"side_padding_vert":0,"icon_size":27,"font_size":18,"font_weight":300,"color_text":"#000000","color_bg":"#e7ecf7","border_top":false,"border_bottom":false,"border_left":false,"border_right":false,"mobile_border_top":false,"mobile_border_bottom":false,"mobile_border_left":false,"mobile_border_right":false}},"1603079791331":{"type":"promotion","settings":{"width":33,"width_mobile":75,"height":40,"mobile_height":120,"has_padding":false,"linked_url":"shopify:\/\/collections\/all","title":"FAST AND RELIABLE SUPPORT","icon":"speed-truck","icon_pos":"row","hori_alignment":"start","vert_alignment":"center","side_padding_hori":0,"side_padding_vert":0,"icon_size":27,"font_size":18,"font_weight":300,"color_text":"#000000","color_bg":"#e7ecf7","border_top":false,"border_bottom":false,"border_left":false,"border_right":false,"mobile_border_top":false,"mobile_border_bottom":false,"mobile_border_left":false,"mobile_border_right":false}},"1603079967821":{"type":"spacing","settings":{"width":100,"width_mobile":0,"height":50,"mobile_height":30,"color_bg":"rgba(0,0,0,0)","line_thick":0,"line_width":100,"color_line":"#e6e7e8","line_align":"center"}}},"block_order":["1603053456629","1603054028838","1603079791331","1603079967821"],"settings":{"title":"Promotions","heading_hide":true,"heading_underline":false,"underline_color":"#3a3a3a","heading_center":true,"heading_fontsize":27,"heading_button":"","heading_button_url":"shopify:\/\/collections\/all","has_container":true,"has_padding":false,"color_bg":"rgba(0,0,0,0)","pattern":0,"center_content":false,"has_padding_smallscreen":false,"hori_scroll_mobile":true}},"1603131622992":{"type":"creative-builder","blocks":{"1603132234597":{"type":"spacing","settings":{"width":100,"width_mobile":0,"height":20,"mobile_height":30,"color_bg":"rgba(0,0,0,0)","line_thick":0,"line_width":100,"color_line":"#e6e7e8","line_align":"center"}},"1603131683092":{"type":"image","settings":{"width":11,"width_mobile":65,"has_padding":false,"image":"shopify:\/\/shop_images\/shop-by-brand-2_01.png","linked_url":"shopify:\/\/collections\/all","fadeoff":false,"image_pos":"column","text":"","text_align":"text-center","text_color":"#000000","text_size":18,"text_weight":400,"border_top":false,"border_bottom":false,"border_left":false,"border_right":false,"mobile_border_top":false,"mobile_border_bottom":false,"mobile_border_left":false,"mobile_border_right":false}},"1603131762070":{"type":"image","settings":{"width":11,"width_mobile":65,"has_padding":false,"image":"shopify:\/\/shop_images\/shop-by-brand-2_02.png","linked_url":"shopify:\/\/collections\/all","fadeoff":false,"image_pos":"column","text":"","text_align":"text-center","text_color":"#000000","text_size":18,"text_weight":400,"border_top":false,"border_bottom":false,"border_left":false,"border_right":false,"mobile_border_top":false,"mobile_border_bottom":false,"mobile_border_left":false,"mobile_border_right":false}},"1603131815556":{"type":"image","settings":{"width":11,"width_mobile":65,"has_padding":false,"image":"shopify:\/\/shop_images\/shop-by-brand-2_03.png","linked_url":"shopify:\/\/collections\/all","fadeoff":false,"image_pos":"column","text":"","text_align":"text-center","text_color":"#000000","text_size":18,"text_weight":400,"border_top":false,"border_bottom":false,"border_left":false,"border_right":false,"mobile_border_top":false,"mobile_border_bottom":false,"mobile_border_left":false,"mobile_border_right":false}},"1603131857265":{"type":"image","settings":{"width":11,"width_mobile":65,"has_padding":false,"image":"shopify:\/\/shop_images\/shop-by-brand-2_04.png","linked_url":"shopify:\/\/collections\/all","fadeoff":false,"image_pos":"column","text":"","text_align":"text-center","text_color":"#000000","text_size":18,"text_weight":400,"border_top":false,"border_bottom":false,"border_left":false,"border_right":false,"mobile_border_top":false,"mobile_border_bottom":false,"mobile_border_left":false,"mobile_border_right":false}},"1603131889982":{"type":"image","settings":{"width":12,"width_mobile":65,"has_padding":false,"image":"shopify:\/\/shop_images\/shop-by-brand-2_05.png","linked_url":"shopify:\/\/collections\/all","fadeoff":false,"image_pos":"column","text":"","text_align":"text-center","text_color":"#000000","text_size":18,"text_weight":400,"border_top":false,"border_bottom":false,"border_left":false,"border_right":false,"mobile_border_top":false,"mobile_border_bottom":false,"mobile_border_left":false,"mobile_border_right":false}},"1603131941413":{"type":"image","settings":{"width":11,"width_mobile":65,"has_padding":false,"image":"shopify:\/\/shop_images\/shop-by-brand-2_06.png","linked_url":"shopify:\/\/collections\/all","fadeoff":false,"image_pos":"column","text":"","text_align":"text-center","text_color":"#000000","text_size":18,"text_weight":400,"border_top":false,"border_bottom":false,"border_left":false,"border_right":false,"mobile_border_top":false,"mobile_border_bottom":false,"mobile_border_left":false,"mobile_border_right":false}},"1603132022142":{"type":"image","settings":{"width":11,"width_mobile":65,"has_padding":false,"image":"shopify:\/\/shop_images\/shop-by-brand-2_07.png","linked_url":"shopify:\/\/collections\/all","fadeoff":false,"image_pos":"column","text":"","text_align":"text-center","text_color":"#000000","text_size":18,"text_weight":400,"border_top":false,"border_bottom":false,"border_left":false,"border_right":false,"mobile_border_top":false,"mobile_border_bottom":false,"mobile_border_left":false,"mobile_border_right":false}},"1603524721170":{"type":"image","settings":{"width":11,"width_mobile":65,"has_padding":false,"image":"shopify:\/\/shop_images\/nike.png","linked_url":"shopify:\/\/collections\/all","fadeoff":false,"image_pos":"column","text":"","text_align":"text-center","text_color":"#000000","text_size":18,"text_weight":400,"border_top":false,"border_bottom":false,"border_left":false,"border_right":false,"mobile_border_top":false,"mobile_border_bottom":false,"mobile_border_left":false,"mobile_border_right":false}},"1603524773240":{"type":"image","settings":{"width":11,"width_mobile":65,"has_padding":false,"image":"shopify:\/\/shop_images\/adidas.png","linked_url":"shopify:\/\/collections\/all","fadeoff":false,"image_pos":"column","text":"","text_align":"text-center","text_color":"#000000","text_size":18,"text_weight":400,"border_top":false,"border_bottom":false,"border_left":false,"border_right":false,"mobile_border_top":false,"mobile_border_bottom":false,"mobile_border_left":false,"mobile_border_right":false}},"1603171645100":{"type":"spacing","settings":{"width":100,"width_mobile":0,"height":50,"mobile_height":30,"color_bg":"rgba(0,0,0,0)","line_thick":0,"line_width":100,"color_line":"#e6e7e8","line_align":"center"}}},"block_order":["1603132234597","1603131683092","1603131762070","1603131815556","1603131857265","1603131889982","1603131941413","1603132022142","1603524721170","1603524773240","1603171645100"],"settings":{"title":"SHOP BY BRAND","heading_hide":true,"heading_underline":false,"underline_color":"#3a3a3a","heading_center":true,"heading_fontsize":27,"heading_button":"","heading_button_url":"shopify:\/\/collections\/all","has_container":false,"has_padding":false,"color_bg":"rgba(0,0,0,0)","pattern":0,"center_content":true,"has_padding_smallscreen":false,"hori_scroll_mobile":true}},"1603206554987":{"type":"creative-builder","blocks":{"1603206566508":{"type":"collection","settings":{"width":100,"width_mobile":100,"has_padding":false,"collection_id":"bestsellers","limit":8,"hori_scroll_mobile":true,"is_slider":true,"slider_items":4,"slider_items_mobile":2,"slider_arrow_pos":"cent-side","title":"Collection"}},"1603279109059":{"type":"spacing","settings":{"width":100,"width_mobile":0,"height":50,"mobile_height":30,"color_bg":"rgba(0,0,0,0)","line_thick":0,"line_width":100,"color_line":"#e6e7e8","line_align":"center"}}},"block_order":["1603206566508","1603279109059"],"settings":{"title":"SUMMER COLLECTION 2021","heading_hide":false,"heading_underline":false,"underline_color":"#3a3a3a","heading_center":true,"heading_fontsize":27,"heading_button":"","heading_button_url":"shopify:\/\/collections\/all","has_container":true,"has_padding":false,"color_bg":"rgba(0,0,0,0)","pattern":0,"center_content":false,"has_padding_smallscreen":false,"hori_scroll_mobile":false}},"1603526921294":{"type":"creative-builder","blocks":{"1603526955827":{"type":"collection","settings":{"width":100,"width_mobile":100,"has_padding":false,"collection_id":"bestsellers","limit":8,"hori_scroll_mobile":true,"is_slider":true,"slider_items":4,"slider_items_mobile":2,"slider_arrow_pos":"bot-left","title":"Collection"}},"1603527957297":{"type":"spacing","settings":{"width":100,"width_mobile":0,"height":50,"mobile_height":30,"color_bg":"rgba(0,0,0,0)","line_thick":0,"line_width":100,"color_line":"#e6e7e8","line_align":"center"}}},"block_order":["1603526955827","1603527957297"],"settings":{"title":"MEN","heading_hide":false,"heading_underline":false,"underline_color":"#3a3a3a","heading_center":false,"heading_fontsize":30,"heading_button":"SHOW ALL","heading_button_url":"shopify:\/\/collections\/all","has_container":true,"has_padding":false,"color_bg":"rgba(0,0,0,0)","pattern":0,"center_content":false,"has_padding_smallscreen":false,"hori_scroll_mobile":false}}},"order":["1600746143555","1603131622992","1601007560458","1601371831722","1603526921294","1602841692046","1603206554987","1603053446548","1602373899330"]}