{"sections":{"1600746143555":{"type":"creative-builder","blocks":{"1602579343339":{"type":"group-start","settings":{"width":65,"width_mobile":100,"hori_scroll_mobile":false,"is_slider":true,"slider_items":1,"slider_items_mobile":1,"slider_autoplay":false,"slider_interval":2000,"slider_arrow_pos":"cent-side"}},"1600844294435":{"type":"banner","settings":{"width":100,"width_mobile":100,"height":850,"mobile_height":230,"has_padding":false,"bg_image":"shopify:\/\/shop_images\/slider1.png","color_bg":"#cccccc","pattern":8,"color_pattern":"#efefef","heading":"JACKETS<br>& SHIRTS<br>ON SALE","heading_color":"#ffffff","heading_size":100,"heading_weight":400,"heading_shadow":false,"heading_bgcolor_use":false,"heading_bgcolor":"#ffffff","cap":"-20%","cap_color":"#000000","cap_size":60,"cap_weight":400,"cap_shadow":false,"cap_bgcolor_use":true,"cap_bgcolor":"#ffffff","cta_text":"SHOP NOW","linked_url":"shopify:\/\/collections\/all","modern":true,"cta_color":"#ffffff","cta_bgcolor":"#000000","cta_size":18,"cta_weight":400,"linklist_enabled":false,"linklist":"","linklist_color":"#000000","linklist_size":13,"linklist_weight":400,"linklist_col":2,"linklist_type":"left","text_align":"text-align-left","side_padding_hori":70,"side_padding_vert":50,"border_top":false,"border_bottom":false,"border_left":false,"border_right":false,"mobile_border_top":false,"mobile_border_bottom":false,"mobile_border_left":false,"mobile_border_right":false,"title":"Banner","content_align_hori":false}},"1600845107201":{"type":"banner","settings":{"width":100,"width_mobile":100,"height":640,"mobile_height":230,"has_padding":false,"bg_image":"shopify:\/\/shop_images\/slider2.png","color_bg":"#cccccc","pattern":8,"color_pattern":"#efefef","heading":"ALL<br>HATS &<br>GLASSES","heading_color":"#ffffff","heading_size":100,"heading_weight":400,"heading_shadow":false,"heading_bgcolor_use":false,"heading_bgcolor":"#ffffff","cap":"SPECIAL PRICE","cap_color":"#000000","cap_size":60,"cap_weight":400,"cap_shadow":false,"cap_bgcolor_use":true,"cap_bgcolor":"#ffffff","cta_text":"SHOP NOW","linked_url":"shopify:\/\/collections\/all","modern":true,"cta_color":"#ffffff","cta_bgcolor":"#000000","cta_size":18,"cta_weight":400,"linklist_enabled":false,"linklist":"","linklist_color":"#000000","linklist_size":13,"linklist_weight":400,"linklist_col":2,"linklist_type":"left","text_align":"text-align-left","side_padding_hori":70,"side_padding_vert":50,"border_top":false,"border_bottom":false,"border_left":false,"border_right":false,"mobile_border_top":false,"mobile_border_bottom":false,"mobile_border_left":false,"mobile_border_right":false,"title":"Banner","content_align_hori":false}},"1602579348138":{"type":"group-end","settings":{}},"1603163887414":{"type":"group-start","settings":{"width":35,"width_mobile":100,"hori_scroll_mobile":true,"is_slider":false,"slider_items":1,"slider_items_mobile":2,"slider_autoplay":false,"slider_interval":2000,"slider_arrow_pos":"cent-side"}},"1600845552904":{"type":"banner","settings":{"width":100,"width_mobile":80,"height":420,"mobile_height":200,"has_padding":false,"bg_image":"shopify:\/\/shop_images\/lookbook.png","color_bg":"#cccccc","pattern":8,"color_pattern":"#efefef","heading":"LOOKBOOK'S<br>2021","heading_color":"#ffffff","heading_size":60,"heading_weight":400,"heading_shadow":false,"heading_bgcolor_use":false,"heading_bgcolor":"#ffffff","cap":"","cap_color":"#000000","cap_size":60,"cap_weight":300,"cap_shadow":false,"cap_bgcolor_use":true,"cap_bgcolor":"#ffffff","cta_text":"SHOP NOW","linked_url":"shopify:\/\/collections\/all","modern":false,"cta_color":"#000000","cta_bgcolor":"#ffffff","cta_size":18,"cta_weight":400,"linklist_enabled":false,"linklist":"","linklist_color":"#000000","linklist_size":13,"linklist_weight":400,"linklist_col":2,"linklist_type":"left","text_align":"text-align-left","side_padding_hori":10,"side_padding_vert":50,"border_top":false,"border_bottom":false,"border_left":false,"border_right":false,"mobile_border_top":false,"mobile_border_bottom":false,"mobile_border_left":false,"mobile_border_right":false,"title":"Banner","content_align_hori":false}},"1603163933308":{"type":"banner","settings":{"width":100,"width_mobile":100,"height":420,"mobile_height":200,"has_padding":false,"bg_image":"shopify:\/\/shop_images\/new-collection.png","color_bg":"#cccccc","pattern":8,"color_pattern":"#efefef","heading":"NEW<br>COLLECTION","heading_color":"#ffffff","heading_size":60,"heading_weight":400,"heading_shadow":false,"heading_bgcolor_use":false,"heading_bgcolor":"#ffffff","cap":"","cap_color":"#ffffff","cap_size":14,"cap_weight":400,"cap_shadow":false,"cap_bgcolor_use":false,"cap_bgcolor":"#ffffff","cta_text":"SHOP NOW","linked_url":"shopify:\/\/collections\/all","modern":false,"cta_color":"#000000","cta_bgcolor":"#ffffff","cta_size":18,"cta_weight":400,"linklist_enabled":false,"linklist":"","linklist_color":"#000000","linklist_size":13,"linklist_weight":400,"linklist_col":2,"linklist_type":"left","text_align":"text-align-left","side_padding_hori":10,"side_padding_vert":50,"border_top":false,"border_bottom":false,"border_left":false,"border_right":false,"mobile_border_top":false,"mobile_border_bottom":false,"mobile_border_left":false,"mobile_border_right":false,"title":"Banner","content_align_hori":false}},"1603163891472":{"type":"group-end","settings":{}}},"block_order":["1602579343339","1600844294435","1600845107201","1602579348138","1603163887414","1600845552904","1603163933308","1603163891472"],"settings":{"title":"Slider","heading_hide":true,"heading_underline":true,"underline_color":"#685858","heading_center":true,"heading_fontsize":27,"heading_button":"","heading_button_url":"shopify:\/\/collections\/all","has_container":false,"has_padding":true,"color_bg":"rgba(0,0,0,0)","pattern":0,"color_pattern":"#b9b9b9","center_content":false,"has_padding_smallscreen":false,"hori_scroll_mobile":false}},"1601007560458":{"type":"creative-builder","blocks":{"1601007578406":{"type":"banner","settings":{"width":50,"width_mobile":75,"height":300,"mobile_height":250,"has_padding":false,"bg_image":"shopify:\/\/shop_images\/palm_treo_pro_1-copy_01.png","color_bg":"#cccccc","pattern":8,"color_pattern":"#efefef","heading":"","heading_color":"#000000","heading_size":60,"heading_weight":400,"heading_shadow":false,"heading_bgcolor_use":false,"heading_bgcolor":"#ffffff","cap":"MEN","cap_color":"#808080","cap_size":12,"cap_weight":400,"cap_shadow":false,"cap_bgcolor_use":false,"cap_bgcolor":"#ffffff","cta_text":"","linked_url":"shopify:\/\/collections\/all","modern":false,"cta_color":"#000000","cta_bgcolor":"#ffffff","cta_size":18,"cta_weight":400,"linklist_enabled":true,"linklist":"men","linklist_color":"#000000","linklist_size":14,"linklist_weight":400,"linklist_col":2,"linklist_type":"left","text_align":"text-align-left","side_padding_hori":10,"side_padding_vert":50,"border_top":false,"border_bottom":true,"border_left":false,"border_right":false,"mobile_border_top":false,"mobile_border_bottom":false,"mobile_border_left":false,"mobile_border_right":false,"title":"Banner","content_align_hori":false}},"1601007588841":{"type":"banner","settings":{"width":50,"width_mobile":100,"height":300,"mobile_height":250,"has_padding":false,"bg_image":"shopify:\/\/shop_images\/palm_treo_pro_1-copy_02.png","color_bg":"#cccccc","pattern":8,"color_pattern":"#efefef","heading":"","heading_color":"#ffffff","heading_size":50,"heading_weight":400,"heading_shadow":false,"heading_bgcolor_use":false,"heading_bgcolor":"#ffffff","cap":"WOMEN","cap_color":"#808080","cap_size":12,"cap_weight":400,"cap_shadow":false,"cap_bgcolor_use":false,"cap_bgcolor":"#ffffff","cta_text":"","linked_url":"shopify:\/\/collections\/all","modern":false,"cta_color":"#000000","cta_bgcolor":"#ffffff","cta_size":18,"cta_weight":400,"linklist_enabled":true,"linklist":"women","linklist_color":"#000000","linklist_size":14,"linklist_weight":400,"linklist_col":2,"linklist_type":"left","text_align":"text-align-left","side_padding_hori":10,"side_padding_vert":50,"border_top":false,"border_bottom":true,"border_left":false,"border_right":false,"mobile_border_top":false,"mobile_border_bottom":false,"mobile_border_left":false,"mobile_border_right":false,"title":"Banner","content_align_hori":false}},"1603206384876":{"type":"spacing","settings":{"width":100,"width_mobile":0,"height":50,"mobile_height":30,"color_bg":"rgba(0,0,0,0)","line_thick":0,"line_width":100,"color_line":"#e6e7e8","line_align":"center"}}},"block_order":["1601007578406","1601007588841","1603206384876"],"settings":{"title":"Men - Women","heading_hide":true,"heading_underline":false,"underline_color":"#3a3a3a","heading_center":true,"heading_fontsize":27,"heading_button":"","heading_button_url":"shopify:\/\/collections\/all","has_container":true,"has_padding":false,"color_bg":"rgba(0,0,0,0)","pattern":0,"color_pattern":"#b9b9b9","center_content":false,"has_padding_smallscreen":false,"hori_scroll_mobile":true}},"1601371831722":{"type":"creative-builder","blocks":{"1601371838874":{"type":"collection","settings":{"width":100,"width_mobile":100,"has_padding":false,"collection_id":"latest-products","limit":8,"hori_scroll_mobile":true,"is_slider":true,"slider_items":4,"slider_items_mobile":2,"slider_arrow_pos":"bot-cent","title":""}},"1603049257144":{"type":"spacing","settings":{"width":100,"width_mobile":0,"height":70,"mobile_height":20,"color_bg":"rgba(0,0,0,0)","line_thick":0,"line_width":100,"color_line":"#e6e7e8","line_align":"center"}}},"block_order":["1601371838874","1603049257144"],"settings":{"title":"LATEST PRODUCTS","heading_hide":false,"heading_underline":false,"underline_color":"#3a3a3a","heading_center":true,"heading_fontsize":27,"heading_button":"","heading_button_url":"shopify:\/\/collections\/all","has_container":true,"has_padding":false,"color_bg":"rgba(0,0,0,0)","pattern":0,"color_pattern":"#b9b9b9","center_content":false,"has_padding_smallscreen":true,"hori_scroll_mobile":false}},"1602373899330":{"type":"creative-builder","blocks":{"1602373911493":{"type":"image","settings":{"width":10,"width_mobile":20,"has_padding":false,"image":"shopify:\/\/shop_images\/Rectangle_949_copy_5.png","linked_url":"https:\/\/www.instagram.com\/p\/BjqwcFLA1wv\/","fadeoff":false,"image_pos":"column","text":"","text_align":"text-center","text_color":"#000000","text_size":34,"text_weight":400,"border_top":false,"border_bottom":false,"border_left":false,"border_right":false,"mobile_border_top":false,"mobile_border_bottom":false,"mobile_border_left":false,"mobile_border_right":false}},"1602780355938":{"type":"image","settings":{"width":10,"width_mobile":20,"has_padding":false,"image":"shopify:\/\/shop_images\/Rectangle_949_copy_4.png","linked_url":"https:\/\/www.instagram.com\/p\/BjqwbhHgh2U\/","fadeoff":false,"image_pos":"column","text":"","text_align":"text-center","text_color":"#000000","text_size":18,"text_weight":400,"border_top":false,"border_bottom":false,"border_left":false,"border_right":false,"mobile_border_top":false,"mobile_border_bottom":false,"mobile_border_left":false,"mobile_border_right":false}},"1602780427835":{"type":"image","settings":{"width":10,"width_mobile":20,"has_padding":false,"image":"shopify:\/\/shop_images\/Rectangle_949_copy_2.png","linked_url":"https:\/\/www.instagram.com\/p\/Bjqwbk-gOON\/","fadeoff":false,"image_pos":"column","text":"","text_align":"text-center","text_color":"#000000","text_size":18,"text_weight":400,"border_top":false,"border_bottom":false,"border_left":false,"border_right":false,"mobile_border_top":false,"mobile_border_bottom":false,"mobile_border_left":false,"mobile_border_right":false}},"1602780656547":{"type":"image","settings":{"width":10,"width_mobile":20,"has_padding":false,"image":"shopify:\/\/shop_images\/Rectangle_949_copy_3-2.png","linked_url":"https:\/\/www.instagram.com\/p\/BjqwX7XA944\/","fadeoff":false,"image_pos":"column","text":"","text_align":"text-center","text_color":"#000000","text_size":18,"text_weight":400,"border_top":false,"border_bottom":false,"border_left":false,"border_right":false,"mobile_border_top":false,"mobile_border_bottom":false,"mobile_border_left":false,"mobile_border_right":false}},"1602780698466":{"type":"image","settings":{"width":10,"width_mobile":20,"has_padding":false,"image":"shopify:\/\/shop_images\/Rectangle_949_copy_3.png","linked_url":"https:\/\/www.instagram.com\/p\/BjqwY62ABQ-\/","fadeoff":false,"image_pos":"column","text":"","text_align":"text-center","text_color":"#000000","text_size":18,"text_weight":400,"border_top":false,"border_bottom":false,"border_left":false,"border_right":false,"mobile_border_top":false,"mobile_border_bottom":false,"mobile_border_left":false,"mobile_border_right":false}},"1602780813303":{"type":"image","settings":{"width":10,"width_mobile":20,"has_padding":false,"image":"shopify:\/\/shop_images\/Rectangle_949_copy_8.png","linked_url":"https:\/\/www.instagram.com\/p\/BjqwYb5AJ1b\/","fadeoff":false,"image_pos":"column","text":"","text_align":"text-center","text_color":"#000000","text_size":18,"text_weight":400,"border_top":false,"border_bottom":false,"border_left":false,"border_right":false,"mobile_border_top":false,"mobile_border_bottom":false,"mobile_border_left":false,"mobile_border_right":false}},"1602780860691":{"type":"image","settings":{"width":10,"width_mobile":20,"has_padding":false,"image":"shopify:\/\/shop_images\/Rectangle_949_copy_7.png","linked_url":"https:\/\/www.instagram.com\/p\/BjqwUoygMZ9\/","fadeoff":false,"image_pos":"column","text":"","text_align":"text-center","text_color":"#000000","text_size":18,"text_weight":400,"border_top":false,"border_bottom":false,"border_left":false,"border_right":false,"mobile_border_top":false,"mobile_border_bottom":false,"mobile_border_left":false,"mobile_border_right":false}},"1602780935149":{"type":"image","settings":{"width":10,"width_mobile":20,"has_padding":false,"image":"shopify:\/\/shop_images\/Rectangle_949_copy_6.png","linked_url":"https:\/\/www.instagram.com\/p\/BjqwHceg4ub\/","fadeoff":false,"image_pos":"column","text":"","text_align":"text-center","text_color":"#000000","text_size":18,"text_weight":400,"border_top":false,"border_bottom":false,"border_left":false,"border_right":false,"mobile_border_top":false,"mobile_border_bottom":false,"mobile_border_left":false,"mobile_border_right":false}},"1602781102322":{"type":"image","settings":{"width":10,"width_mobile":20,"has_padding":false,"image":"shopify:\/\/shop_images\/Rectangle_949_copy_5.png","linked_url":"https:\/\/www.instagram.com\/p\/BjqwFVwAaQU\/","fadeoff":false,"image_pos":"column","text":"","text_align":"text-center","text_color":"#000000","text_size":18,"text_weight":400,"border_top":false,"border_bottom":false,"border_left":false,"border_right":false,"mobile_border_top":false,"mobile_border_bottom":false,"mobile_border_left":false,"mobile_border_right":false}},"1602781159761":{"type":"image","settings":{"width":10,"width_mobile":20,"has_padding":false,"image":"shopify:\/\/shop_images\/Rectangle_949_copy_4.png","linked_url":"https:\/\/www.instagram.com\/p\/BjqwHoCgdzF\/","fadeoff":false,"image_pos":"column","text":"","text_align":"text-center","text_color":"#000000","text_size":18,"text_weight":400,"border_top":false,"border_bottom":false,"border_left":false,"border_right":false,"mobile_border_top":false,"mobile_border_bottom":false,"mobile_border_left":false,"mobile_border_right":false}}},"block_order":["1602373911493","1602780355938","1602780427835","1602780656547","1602780698466","1602780813303","1602780860691","1602780935149","1602781102322","1602781159761"],"settings":{"title":"FOLLOW <span style=\"color:#e24d56\">@FASTOR<\/span> ON INSTAGRAM","heading_hide":false,"heading_underline":false,"underline_color":"#3a3a3a","heading_center":true,"heading_fontsize":27,"heading_button":"","heading_button_url":"shopify:\/\/collections\/all","has_container":false,"has_padding":false,"color_bg":"#f3f3f3","pattern":0,"color_pattern":"#b9b9b9","center_content":false,"has_padding_smallscreen":false,"hori_scroll_mobile":false}},"1602841692046":{"type":"creative-builder","blocks":{"1603277460562":{"type":"group-start","settings":{"width":100,"width_mobile":100,"hori_scroll_mobile":false,"is_slider":true,"slider_items":1,"slider_items_mobile":1,"slider_autoplay":false,"slider_interval":2000,"slider_arrow_pos":"cent-side"}},"1602841702768":{"type":"banner","settings":{"width":100,"width_mobile":100,"height":640,"mobile_height":240,"has_padding":false,"bg_image":"shopify:\/\/shop_images\/Rectangle_1108-2_0d6e55fa-ea1a-4342-8e0a-36dcf75b5991.png","color_bg":"#cccccc","pattern":8,"color_pattern":"#efefef","heading":"MEN<br>COLLECTION","heading_color":"#ffffff","heading_size":100,"heading_weight":300,"heading_shadow":false,"heading_bgcolor_use":false,"heading_bgcolor":"#ffffff","cap":"-20%","cap_color":"#000000","cap_size":60,"cap_weight":400,"cap_shadow":false,"cap_bgcolor_use":true,"cap_bgcolor":"#ffffff","cta_text":"SHOP NOW","linked_url":"shopify:\/\/collections\/all","modern":true,"cta_color":"#ffffff","cta_bgcolor":"#000000","cta_size":16,"cta_weight":400,"linklist_enabled":false,"linklist":"","linklist_color":"#000000","linklist_size":13,"linklist_weight":400,"linklist_col":2,"linklist_type":"left","text_align":"text-align-left","side_padding_hori":70,"side_padding_vert":50,"border_top":false,"border_bottom":false,"border_left":false,"border_right":false,"mobile_border_top":false,"mobile_border_bottom":false,"mobile_border_left":false,"mobile_border_right":false,"title":"Banner","content_align_hori":false}},"1602841708136":{"type":"banner","settings":{"width":34,"width_mobile":100,"height":640,"mobile_height":240,"has_padding":false,"bg_image":"shopify:\/\/shop_images\/Rectangle_1108_f91e14da-0ad7-4094-bb50-7732b6056106.png","color_bg":"#c3101b","pattern":8,"color_pattern":"#efefef","heading":"NEW<br>GLAMOUR","heading_color":"#ffffff","heading_size":100,"heading_weight":300,"heading_shadow":false,"heading_bgcolor_use":false,"heading_bgcolor":"#ffffff","cap":"NEW YOU","cap_color":"#000000","cap_size":60,"cap_weight":400,"cap_shadow":false,"cap_bgcolor_use":true,"cap_bgcolor":"#ffffff","cta_text":"SHOP NOW","linked_url":"shopify:\/\/collections\/all","modern":true,"cta_color":"#ffffff","cta_bgcolor":"#000000","cta_size":18,"cta_weight":400,"linklist_enabled":false,"linklist":"","linklist_color":"#000000","linklist_size":13,"linklist_weight":400,"linklist_col":2,"linklist_type":"left","text_align":"text-align-left","side_padding_hori":70,"side_padding_vert":50,"border_top":false,"border_bottom":false,"border_left":false,"border_right":false,"mobile_border_top":false,"mobile_border_bottom":false,"mobile_border_left":false,"mobile_border_right":false,"title":"Banner","content_align_hori":false}},"1603277464956":{"type":"group-end","settings":{}},"1603279884721":{"type":"group-start","settings":{"width":100,"width_mobile":100,"hori_scroll_mobile":true,"is_slider":false,"slider_items":1,"slider_items_mobile":2,"slider_autoplay":false,"slider_interval":2000,"slider_arrow_pos":"cent-side"}},"1602841712713":{"type":"banner","settings":{"width":50,"width_mobile":80,"height":380,"mobile_height":240,"has_padding":false,"bg_image":"shopify:\/\/shop_images\/Rectangle_1108-2_640dd08a-a8d3-4070-a798-e59accc7243b.png","color_bg":"#bfbfbf","pattern":8,"color_pattern":"#efefef","heading":"BLACK<br>& RED","heading_color":"#ffffff","heading_size":60,"heading_weight":400,"heading_shadow":false,"heading_bgcolor_use":false,"heading_bgcolor":"#ffffff","cap":"","cap_color":"#ffffff","cap_size":14,"cap_weight":400,"cap_shadow":false,"cap_bgcolor_use":false,"cap_bgcolor":"#ffffff","cta_text":"SHOP NOW","linked_url":"shopify:\/\/collections\/all","modern":false,"cta_color":"#000000","cta_bgcolor":"#ffffff","cta_size":18,"cta_weight":400,"linklist_enabled":false,"linklist":"","linklist_color":"#000000","linklist_size":13,"linklist_weight":400,"linklist_col":2,"linklist_type":"left","text_align":"text-align-left","side_padding_hori":35,"side_padding_vert":50,"border_top":false,"border_bottom":false,"border_left":false,"border_right":false,"mobile_border_top":false,"mobile_border_bottom":false,"mobile_border_left":false,"mobile_border_right":false,"title":"Banner","content_align_hori":false}},"1603279941608":{"type":"banner","settings":{"width":50,"width_mobile":50,"height":380,"mobile_height":240,"has_padding":false,"bg_image":"shopify:\/\/shop_images\/Rectangle_1108_35658bdf-e329-4ded-baa5-b34ec80724f1.png","color_bg":"#cccccc","pattern":8,"color_pattern":"#efefef","heading":"SHIRTS<br>ON SALE","heading_color":"#ffffff","heading_size":60,"heading_weight":400,"heading_shadow":false,"heading_bgcolor_use":false,"heading_bgcolor":"#ffffff","cap":"","cap_color":"#ffffff","cap_size":14,"cap_weight":400,"cap_shadow":false,"cap_bgcolor_use":false,"cap_bgcolor":"#ffffff","cta_text":"SHOP NOW","linked_url":"shopify:\/\/collections\/all","modern":false,"cta_color":"#000000","cta_bgcolor":"#ffffff","cta_size":18,"cta_weight":400,"linklist_enabled":false,"linklist":"","linklist_color":"#000000","linklist_size":13,"linklist_weight":400,"linklist_col":2,"linklist_type":"left","text_align":"text-align-left","side_padding_hori":7,"side_padding_vert":50,"border_top":false,"border_bottom":false,"border_left":false,"border_right":false,"mobile_border_top":false,"mobile_border_bottom":false,"mobile_border_left":false,"mobile_border_right":false,"title":"Banner","content_align_hori":false}},"1603279888365":{"type":"group-end","settings":{}},"1603049227136":{"type":"spacing","settings":{"width":100,"width_mobile":0,"height":30,"mobile_height":20,"color_bg":"rgba(0,0,0,0)","line_thick":0,"line_width":100,"color_line":"#e6e7e8","line_align":"center"}}},"block_order":["1603277460562","1602841702768","1602841708136","1603277464956","1603279884721","1602841712713","1603279941608","1603279888365","1603049227136"],"settings":{"title":"Banners","heading_hide":true,"heading_underline":false,"underline_color":"#3a3a3a","heading_center":true,"heading_fontsize":27,"heading_button":"","heading_button_url":"shopify:\/\/collections\/all","has_container":false,"has_padding":true,"color_bg":"rgba(0,0,0,0)","pattern":0,"color_pattern":"#b9b9b9","center_content":false,"has_padding_smallscreen":false,"hori_scroll_mobile":false}},"1603051453945":{"type":"creative-builder","blocks":{"1603051469934":{"type":"article","settings":{"width":33,"width_mobile":75,"has_padding":true,"article_id":"news\/new-super-collection-2020-lookbook","ratio":"4\/3","color_bg":"rgba(0,0,0,0)","color_title":"#000000","color_commentcount":"#808080","fontsize_title":20,"fontsize_info":13}},"1603051522164":{"type":"article","settings":{"width":33,"width_mobile":75,"has_padding":true,"article_id":"news\/the-great-fairy-in-the-universe","ratio":"4\/3","color_bg":"rgba(0,0,0,0)","color_title":"#000000","color_commentcount":"#808080","fontsize_title":20,"fontsize_info":13}},"1603051564477":{"type":"article","settings":{"width":33,"width_mobile":75,"has_padding":true,"article_id":"news\/new-super-collection-2020-lookbook","ratio":"4\/3","color_bg":"rgba(0,0,0,0)","color_title":"#000000","color_commentcount":"#808080","fontsize_title":20,"fontsize_info":13}},"1603051692493":{"type":"text","settings":{"width":100,"width_mobile":0,"has_padding":true,"text":"<a class=\"btn-modern\" href=\"https:\/\/rt-fastor-default.myshopify.com\/blogs\/news\">SHOW ALL<\/a>","color_text":"#000000","text_align":"justify-content-center"}},"1603131569287":{"type":"spacing","settings":{"width":100,"width_mobile":0,"height":50,"mobile_height":30,"color_bg":"rgba(0,0,0,0)","line_thick":0,"line_width":100,"color_line":"#e6e7e8","line_align":"center"}}},"block_order":["1603051469934","1603051522164","1603051564477","1603051692493","1603131569287"],"settings":{"title":"FROM THE BLOG","heading_hide":false,"heading_underline":false,"underline_color":"#3a3a3a","heading_center":true,"heading_fontsize":27,"heading_button":"","heading_button_url":"shopify:\/\/collections\/all","has_container":true,"has_padding":false,"color_bg":"#f3f3f3","pattern":0,"color_pattern":"#b9b9b9","center_content":true,"has_padding_smallscreen":true,"hori_scroll_mobile":true}},"1603053446548":{"type":"creative-builder","blocks":{"1603053456629":{"type":"promotion","settings":{"width":33,"width_mobile":75,"height":40,"mobile_height":120,"has_padding":false,"linked_url":"shopify:\/\/collections\/all","title":"FREE SHIPPING & RETURN","icon_mode":"icon","icon":"speed-truck","icon_svg":"","icon_pos":"row","hori_alignment":"end","vert_alignment":"center","side_padding_hori":0,"side_padding_vert":0,"icon_size":27,"font_size":18,"font_weight":300,"color_text":"#000000","color_bg":"#e7ecf7","border_top":false,"border_bottom":false,"border_left":false,"border_right":false,"mobile_border_top":false,"mobile_border_bottom":false,"mobile_border_left":false,"mobile_border_right":false}},"1603054028838":{"type":"promotion","settings":{"width":34,"width_mobile":75,"height":40,"mobile_height":120,"has_padding":false,"linked_url":"shopify:\/\/collections\/all","title":"MONEY BACK GUARANTEE","icon_mode":"icon","icon":"speed-truck","icon_svg":"","icon_pos":"row","hori_alignment":"center","vert_alignment":"center","side_padding_hori":0,"side_padding_vert":0,"icon_size":27,"font_size":18,"font_weight":300,"color_text":"#000000","color_bg":"#e7ecf7","border_top":false,"border_bottom":false,"border_left":false,"border_right":false,"mobile_border_top":false,"mobile_border_bottom":false,"mobile_border_left":false,"mobile_border_right":false}},"1603079791331":{"type":"promotion","settings":{"width":33,"width_mobile":75,"height":40,"mobile_height":120,"has_padding":false,"linked_url":"shopify:\/\/collections\/all","title":"FAST AND RELIABLE SUPPORT","icon_mode":"icon","icon":"speed-truck","icon_svg":"","icon_pos":"row","hori_alignment":"start","vert_alignment":"center","side_padding_hori":0,"side_padding_vert":0,"icon_size":27,"font_size":18,"font_weight":300,"color_text":"#000000","color_bg":"#e7ecf7","border_top":false,"border_bottom":false,"border_left":false,"border_right":false,"mobile_border_top":false,"mobile_border_bottom":false,"mobile_border_left":false,"mobile_border_right":false}},"1603079967821":{"type":"spacing","settings":{"width":100,"width_mobile":0,"height":50,"mobile_height":30,"color_bg":"rgba(0,0,0,0)","line_thick":0,"line_width":100,"color_line":"#e6e7e8","line_align":"center"}}},"block_order":["1603053456629","1603054028838","1603079791331","1603079967821"],"settings":{"title":"Promotions","heading_hide":true,"heading_underline":false,"underline_color":"#3a3a3a","heading_center":true,"heading_fontsize":27,"heading_button":"","heading_button_url":"shopify:\/\/collections\/all","has_container":true,"has_padding":false,"color_bg":"rgba(0,0,0,0)","pattern":0,"color_pattern":"#b9b9b9","center_content":false,"has_padding_smallscreen":false,"hori_scroll_mobile":true}},"1603131622992":{"type":"creative-builder","blocks":{"1603132234597":{"type":"spacing","settings":{"width":100,"width_mobile":0,"height":20,"mobile_height":30,"color_bg":"rgba(0,0,0,0)","line_thick":0,"line_width":100,"color_line":"#e6e7e8","line_align":"center"}},"1603131683092":{"type":"image","settings":{"width":14,"width_mobile":65,"has_padding":false,"image":"shopify:\/\/shop_images\/shop-by-brand-2_01.png","linked_url":"shopify:\/\/collections\/all","fadeoff":false,"image_pos":"column","text":"","text_align":"text-center","text_color":"#000000","text_size":18,"text_weight":400,"border_top":false,"border_bottom":false,"border_left":false,"border_right":false,"mobile_border_top":false,"mobile_border_bottom":false,"mobile_border_left":false,"mobile_border_right":false}},"1603131762070":{"type":"image","settings":{"width":14,"width_mobile":65,"has_padding":false,"image":"shopify:\/\/shop_images\/shop-by-brand-2_02.png","linked_url":"shopify:\/\/collections\/all","fadeoff":false,"image_pos":"column","text":"","text_align":"text-center","text_color":"#000000","text_size":18,"text_weight":400,"border_top":false,"border_bottom":false,"border_left":false,"border_right":false,"mobile_border_top":false,"mobile_border_bottom":false,"mobile_border_left":false,"mobile_border_right":false}},"1603131815556":{"type":"image","settings":{"width":14,"width_mobile":65,"has_padding":false,"image":"shopify:\/\/shop_images\/shop-by-brand-2_03.png","linked_url":"shopify:\/\/collections\/all","fadeoff":false,"image_pos":"column","text":"","text_align":"text-center","text_color":"#000000","text_size":18,"text_weight":400,"border_top":false,"border_bottom":false,"border_left":false,"border_right":false,"mobile_border_top":false,"mobile_border_bottom":false,"mobile_border_left":false,"mobile_border_right":false}},"1603131857265":{"type":"image","settings":{"width":14,"width_mobile":65,"has_padding":false,"image":"shopify:\/\/shop_images\/shop-by-brand-2_04.png","linked_url":"shopify:\/\/collections\/all","fadeoff":false,"image_pos":"column","text":"","text_align":"text-center","text_color":"#000000","text_size":18,"text_weight":400,"border_top":false,"border_bottom":false,"border_left":false,"border_right":false,"mobile_border_top":false,"mobile_border_bottom":false,"mobile_border_left":false,"mobile_border_right":false}},"1603131889982":{"type":"image","settings":{"width":14,"width_mobile":65,"has_padding":false,"image":"shopify:\/\/shop_images\/shop-by-brand-2_05.png","linked_url":"shopify:\/\/collections\/all","fadeoff":false,"image_pos":"column","text":"","text_align":"text-center","text_color":"#000000","text_size":18,"text_weight":400,"border_top":false,"border_bottom":false,"border_left":false,"border_right":false,"mobile_border_top":false,"mobile_border_bottom":false,"mobile_border_left":false,"mobile_border_right":false}},"1603131941413":{"type":"image","settings":{"width":14,"width_mobile":65,"has_padding":false,"image":"shopify:\/\/shop_images\/shop-by-brand-2_06.png","linked_url":"shopify:\/\/collections\/all","fadeoff":false,"image_pos":"column","text":"","text_align":"text-center","text_color":"#000000","text_size":18,"text_weight":400,"border_top":false,"border_bottom":false,"border_left":false,"border_right":false,"mobile_border_top":false,"mobile_border_bottom":false,"mobile_border_left":false,"mobile_border_right":false}},"1603132022142":{"type":"image","settings":{"width":14,"width_mobile":65,"has_padding":false,"image":"shopify:\/\/shop_images\/shop-by-brand-2_07.png","linked_url":"shopify:\/\/collections\/all","fadeoff":false,"image_pos":"column","text":"","text_align":"text-center","text_color":"#000000","text_size":18,"text_weight":400,"border_top":false,"border_bottom":false,"border_left":false,"border_right":false,"mobile_border_top":false,"mobile_border_bottom":false,"mobile_border_left":false,"mobile_border_right":false}},"1603171645100":{"type":"spacing","settings":{"width":100,"width_mobile":0,"height":50,"mobile_height":30,"color_bg":"rgba(0,0,0,0)","line_thick":0,"line_width":100,"color_line":"#e6e7e8","line_align":"center"}}},"block_order":["1603132234597","1603131683092","1603131762070","1603131815556","1603131857265","1603131889982","1603131941413","1603132022142","1603171645100"],"settings":{"title":"SHOP BY BRAND","heading_hide":true,"heading_underline":false,"underline_color":"#3a3a3a","heading_center":true,"heading_fontsize":27,"heading_button":"","heading_button_url":"shopify:\/\/collections\/all","has_container":true,"has_padding":false,"color_bg":"rgba(0,0,0,0)","pattern":0,"color_pattern":"#b9b9b9","center_content":true,"has_padding_smallscreen":false,"hori_scroll_mobile":true}},"1603206554987":{"type":"creative-builder","blocks":{"1603206566508":{"type":"collection","settings":{"width":100,"width_mobile":100,"has_padding":false,"collection_id":"bestsellers","limit":8,"hori_scroll_mobile":true,"is_slider":true,"slider_items":4,"slider_items_mobile":2,"slider_arrow_pos":"bot-cent","title":"Collection"}},"1603279109059":{"type":"spacing","settings":{"width":100,"width_mobile":0,"height":50,"mobile_height":30,"color_bg":"rgba(0,0,0,0)","line_thick":0,"line_width":100,"color_line":"#e6e7e8","line_align":"center"}}},"block_order":["1603206566508","1603279109059"],"settings":{"title":"BESTSELLERS","heading_hide":false,"heading_underline":false,"underline_color":"#3a3a3a","heading_center":true,"heading_fontsize":27,"heading_button":"","heading_button_url":"shopify:\/\/collections\/all","has_container":true,"has_padding":false,"color_bg":"rgba(0,0,0,0)","pattern":0,"color_pattern":"#b9b9b9","center_content":false,"has_padding_smallscreen":false,"hori_scroll_mobile":false}},"1603280195831":{"type":"creative-builder","blocks":{"1603280210950":{"type":"collection","settings":{"width":100,"width_mobile":100,"has_padding":false,"collection_id":"featured","limit":8,"hori_scroll_mobile":false,"is_slider":false,"slider_items":4,"slider_items_mobile":2,"slider_arrow_pos":"cent-side","title":"Collection"}},"1603280567212":{"type":"spacing","settings":{"width":100,"width_mobile":0,"height":50,"mobile_height":30,"color_bg":"rgba(0,0,0,0)","line_thick":0,"line_width":100,"color_line":"#e6e7e8","line_align":"center"}}},"block_order":["1603280210950","1603280567212"],"settings":{"title":"FEATURED PRODUCTS","heading_hide":false,"heading_underline":false,"underline_color":"#3a3a3a","heading_center":true,"heading_fontsize":27,"heading_button":"","heading_button_url":"shopify:\/\/collections\/all","has_container":true,"has_padding":false,"color_bg":"rgba(0,0,0,0)","pattern":0,"color_pattern":"#b9b9b9","center_content":false,"has_padding_smallscreen":false,"hori_scroll_mobile":false}},"1603280630506":{"type":"creative-builder","blocks":{"1603280645296":{"type":"spacing","settings":{"width":100,"width_mobile":0,"height":50,"mobile_height":30,"color_bg":"#f3f3f3","line_thick":0,"line_width":100,"color_line":"#e6e7e8","line_align":"center"}}},"block_order":["1603280645296"],"settings":{"title":"spacing","heading_hide":true,"heading_underline":false,"underline_color":"#3a3a3a","heading_center":true,"heading_fontsize":27,"heading_button":"","heading_button_url":"shopify:\/\/collections\/all","has_container":false,"has_padding":false,"color_bg":"rgba(0,0,0,0)","pattern":0,"color_pattern":"#b9b9b9","center_content":false,"has_padding_smallscreen":false,"hori_scroll_mobile":false}}},"order":["1600746143555","1603131622992","1601007560458","1601371831722","1603053446548","1603206554987","1602841692046","1603280195831","1603280630506","1603051453945","1602373899330"]}