{"sections":{"product-template":{"type":"product-template","blocks":{"1526631638205":{"type":"collection","settings":{"visible_on_mobile":true,"heading":"Recently Products","collection":"","per_view":"4","limit":"8"}}},"block_order":["1526631638205"],"settings":{"media_size":"medium","show_stock_countdown":true,"stock_countdown_custom_color":"#000","stock_countdown_custom_bground":"#e6e6e6","stock_countdown_color":"#000","stock_countdown_highlight_color":"#d9121f","show_stock_countdown_fake":true,"stock_countdown_fake_from":10,"stock_countdown_fake_to":40,"show_total_sold":true,"total_sold_qty_min":5,"total_sold_qty_max":20,"total_sold_time_min":4,"total_sold_time_max":24,"total_sold_color":"#000","total_sold_highlight_color":"#d9121f","shipping_hours":2,"shipping_minutes":53,"shipping_days":7,"shipping_bg":"#fbe7e8","shipping_color":"#000","shipping_highlight_color":"#d9121f"}}},"order":["product-template"]}