{"sections":{"1600746143555":{"type":"creative-builder","blocks":{"1602579343339":{"type":"group-start","settings":{"width":100,"width_mobile":100,"hori_scroll_mobile":false,"is_slider":true,"slider_items":1,"slider_items_mobile":1,"slider_autoplay":false,"slider_interval":2000,"slider_arrow_pos":"cent-side"}},"1600844294435":{"type":"banner","settings":{"width":100,"width_mobile":100,"height":870,"mobile_height":230,"has_padding":false,"bg_image":"shopify:\/\/shop_images\/Rectangle_1108-3_fca896da-f296-4ec4-ba18-43576ef7c85b.png","color_bg":"#cccccc","pattern":4,"heading":"UNLIMITED<br>POSSIBILITIES<br>& OPTIONS","heading_color":"#000000","heading_size":100,"heading_weight":400,"heading_shadow":false,"heading_bgcolor_use":false,"heading_bgcolor":"#fff","cap":"WITH FASTOR 5","cap_color":"#ffffff","cap_size":60,"cap_weight":400,"cap_shadow":false,"cap_bgcolor_use":true,"cap_bgcolor":"#d9121f","cta_text":"SHOP NOW","linked_url":"shopify:\/\/collections\/all","modern":true,"cta_color":"#000000","cta_bgcolor":"#000000","cta_size":18,"cta_weight":400,"linklist":"","linklist_color":"#000000","linklist_size":13,"linklist_weight":400,"linklist_col":2,"linklist_type":"left","text_align":"text-align-left","side_padding_hori":27,"side_padding_vert":50,"border_top":false,"border_bottom":false,"border_left":false,"border_right":false,"mobile_border_top":false,"mobile_border_bottom":false,"mobile_border_left":false,"mobile_border_right":false,"title":"Banner","content_align_hori":false}},"1600845107201":{"type":"banner","settings":{"width":100,"width_mobile":100,"height":870,"mobile_height":230,"has_padding":false,"bg_image":"shopify:\/\/shop_images\/Rectangle_1108-2_85fd79f1-8d4c-40a6-b849-109598dd3f67.png","color_bg":"#cccccc","pattern":0,"heading":"CREATE<br>WHAT YOU<br>REALLY NEED","heading_color":"#000000","heading_size":100,"heading_weight":400,"heading_shadow":false,"heading_bgcolor_use":false,"heading_bgcolor":"#fff","cap":"WITH FASTOR 5","cap_color":"#ffffff","cap_size":60,"cap_weight":400,"cap_shadow":false,"cap_bgcolor_use":true,"cap_bgcolor":"#1349b2","cta_text":"SHOP NOW","linked_url":"shopify:\/\/collections\/all","modern":true,"cta_color":"#000000","cta_bgcolor":"#000000","cta_size":18,"cta_weight":400,"linklist":"","linklist_color":"#000000","linklist_size":13,"linklist_weight":400,"linklist_col":2,"linklist_type":"left","text_align":"text-align-left","side_padding_hori":70,"side_padding_vert":50,"border_top":false,"border_bottom":false,"border_left":false,"border_right":false,"mobile_border_top":false,"mobile_border_bottom":false,"mobile_border_left":false,"mobile_border_right":false,"title":"Banner","content_align_hori":false}},"1603524224775":{"type":"banner","settings":{"width":100,"width_mobile":100,"height":870,"mobile_height":230,"has_padding":false,"bg_image":"shopify:\/\/shop_images\/Rectangle_1108_5b5e201d-4ed0-4247-b14d-f02493bed835.png","color_bg":"#cccccc","pattern":0,"heading":"MORE SKINS<br>WITH NEXT<br>UPDATES!","heading_color":"#000000","heading_size":100,"heading_weight":400,"heading_shadow":false,"heading_bgcolor_use":false,"heading_bgcolor":"#fff","cap":"WITH FASTOR 5","cap_color":"#ffffff","cap_size":60,"cap_weight":300,"cap_shadow":false,"cap_bgcolor_use":true,"cap_bgcolor":"#d9121f","cta_text":"SHOP NOW","linked_url":"shopify:\/\/collections\/all","modern":true,"cta_color":"#000000","cta_bgcolor":"#ffffff","cta_size":18,"cta_weight":400,"linklist":"","linklist_color":"#000000","linklist_size":13,"linklist_weight":400,"linklist_col":2,"linklist_type":"left","text_align":"text-align-left","side_padding_hori":27,"side_padding_vert":50,"border_top":false,"border_bottom":false,"border_left":false,"border_right":false,"mobile_border_top":false,"mobile_border_bottom":false,"mobile_border_left":false,"mobile_border_right":false,"title":"Banner","content_align_hori":false}},"1602579348138":{"type":"group-end","settings":{}},"1603538626799":{"type":"spacing","settings":{"width":100,"width_mobile":0,"height":30,"mobile_height":30,"color_bg":"rgba(0,0,0,0)","line_thick":0,"line_width":100,"color_line":"#e6e7e8","line_align":"center"}}},"block_order":["1602579343339","1600844294435","1600845107201","1603524224775","1602579348138","1603538626799"],"settings":{"title":"Slider","heading_hide":true,"heading_underline":true,"underline_color":"#685858","heading_center":true,"heading_fontsize":27,"heading_button":"","heading_button_url":"shopify:\/\/collections\/all","has_container":false,"has_padding":false,"color_bg":"rgba(0,0,0,0)","pattern":0,"center_content":false,"has_padding_smallscreen":false,"hori_scroll_mobile":false}},"1601007560458":{"type":"creative-builder","blocks":{"1601007578406":{"type":"banner","settings":{"width":50,"width_mobile":75,"height":390,"mobile_height":250,"has_padding":true,"bg_image":"shopify:\/\/shop_images\/Rectangle_1108-2_19b16930-7805-4978-a6bb-0d5aa6d05a39.png","color_bg":"#cccccc","pattern":0,"heading":"MEN","heading_color":"#000000","heading_size":50,"heading_weight":400,"heading_shadow":false,"heading_bgcolor_use":false,"heading_bgcolor":"#fff","cap":"","cap_color":"#808080","cap_size":12,"cap_weight":400,"cap_shadow":false,"cap_bgcolor_use":false,"cap_bgcolor":"#fff","cta_text":"SHOP NOW","linked_url":"shopify:\/\/collections\/all","modern":false,"cta_color":"#000000","cta_bgcolor":"#ffffff","cta_size":18,"cta_weight":400,"linklist":"","linklist_color":"#000000","linklist_size":14,"linklist_weight":400,"linklist_col":2,"linklist_type":"left","text_align":"text-align-left","side_padding_hori":10,"side_padding_vert":50,"border_top":false,"border_bottom":false,"border_left":false,"border_right":false,"mobile_border_top":false,"mobile_border_bottom":false,"mobile_border_left":false,"mobile_border_right":false,"title":"Banner","content_align_hori":false}},"1601007588841":{"type":"banner","settings":{"width":50,"width_mobile":100,"height":390,"mobile_height":250,"has_padding":true,"bg_image":"shopify:\/\/shop_images\/Rectangle_1108_798b0f6f-a401-48e5-9cc2-cb3602827793.png","color_bg":"#cccccc","pattern":0,"heading":"WOMEN","heading_color":"#000000","heading_size":50,"heading_weight":400,"heading_shadow":false,"heading_bgcolor_use":false,"heading_bgcolor":"#fff","cap":"","cap_color":"#808080","cap_size":12,"cap_weight":400,"cap_shadow":false,"cap_bgcolor_use":false,"cap_bgcolor":"#fff","cta_text":"SHOP NOW","linked_url":"shopify:\/\/collections\/all","modern":false,"cta_color":"#000000","cta_bgcolor":"#ffffff","cta_size":18,"cta_weight":400,"linklist":"","linklist_color":"#000000","linklist_size":14,"linklist_weight":400,"linklist_col":2,"linklist_type":"left","text_align":"text-align-left","side_padding_hori":10,"side_padding_vert":50,"border_top":false,"border_bottom":false,"border_left":false,"border_right":false,"mobile_border_top":false,"mobile_border_bottom":false,"mobile_border_left":false,"mobile_border_right":false,"title":"Banner","content_align_hori":false}}},"block_order":["1601007578406","1601007588841"],"settings":{"title":"Men - Women","heading_hide":true,"heading_underline":false,"underline_color":"#3a3a3a","heading_center":true,"heading_fontsize":27,"heading_button":"","heading_button_url":"shopify:\/\/collections\/all","has_container":true,"has_padding":false,"color_bg":"rgba(0,0,0,0)","pattern":0,"center_content":false,"has_padding_smallscreen":false,"hori_scroll_mobile":true}},"1601371831722":{"type":"creative-builder","blocks":{"1603538335431":{"type":"tab-start","settings":{"width":100,"width_mobile":100,"heading_underline":false,"underline_color":"#3a3a3a","heading_center":true}},"1601371838874":{"type":"collection","settings":{"width":100,"width_mobile":100,"has_padding":false,"collection_id":"latest-products","limit":4,"hori_scroll_mobile":true,"is_slider":false,"slider_items":4,"slider_items_mobile":2,"slider_arrow_pos":"bot-left","title":"WOMEN"}},"1603538416580":{"type":"collection","settings":{"width":100,"width_mobile":100,"has_padding":false,"collection_id":"featured","limit":4,"hori_scroll_mobile":true,"is_slider":false,"slider_items":4,"slider_items_mobile":2,"slider_arrow_pos":"cent-side","title":"MEN"}},"1603538451250":{"type":"collection","settings":{"width":100,"width_mobile":100,"has_padding":false,"collection_id":"desktops","limit":4,"hori_scroll_mobile":true,"is_slider":false,"slider_items":4,"slider_items_mobile":2,"slider_arrow_pos":"cent-side","title":"OTHER"}},"1603538339176":{"type":"tab-end","settings":{}},"1603049257144":{"type":"spacing","settings":{"width":100,"width_mobile":0,"height":30,"mobile_height":20,"color_bg":"rgba(0,0,0,0)","line_thick":0,"line_width":100,"color_line":"#e6e7e8","line_align":"center"}}},"block_order":["1603538335431","1601371838874","1603538416580","1603538451250","1603538339176","1603049257144"],"settings":{"title":"LATEST PRODUCTS","heading_hide":false,"heading_underline":false,"underline_color":"#3a3a3a","heading_center":true,"heading_fontsize":50,"heading_button":"","heading_button_url":"shopify:\/\/collections\/all","has_container":true,"has_padding":false,"color_bg":"rgba(0,0,0,0)","pattern":0,"center_content":false,"has_padding_smallscreen":true,"hori_scroll_mobile":false}},"1602841692046":{"type":"creative-builder","blocks":{"1603049227136":{"type":"spacing","settings":{"width":100,"width_mobile":0,"height":30,"mobile_height":20,"color_bg":"rgba(0,0,0,0)","line_thick":0,"line_width":100,"color_line":"#e6e7e8","line_align":"center"}},"1603596372185":{"type":"image","settings":{"width":100,"width_mobile":100,"has_padding":false,"image":"shopify:\/\/shop_images\/accessories.png","linked_url":"shopify:\/\/collections\/all","fadeoff":false,"image_pos":"column","text":"","text_align":"text-center","text_color":"#000000","text_size":18,"text_weight":400,"border_top":false,"border_bottom":false,"border_left":false,"border_right":false,"mobile_border_top":false,"mobile_border_bottom":false,"mobile_border_left":false,"mobile_border_right":false}}},"block_order":["1603596372185","1603049227136"],"settings":{"title":"Banner","heading_hide":true,"heading_underline":false,"underline_color":"#3a3a3a","heading_center":true,"heading_fontsize":27,"heading_button":"","heading_button_url":"shopify:\/\/collections\/all","has_container":true,"has_padding":false,"color_bg":"rgba(0,0,0,0)","pattern":0,"center_content":false,"has_padding_smallscreen":false,"hori_scroll_mobile":false}},"1603053446548":{"type":"creative-builder","blocks":{"1603053456629":{"type":"promotion","settings":{"width":33,"width_mobile":75,"height":40,"mobile_height":120,"has_padding":false,"linked_url":"shopify:\/\/collections\/all","title":"FREE SHIPPING & RETURN","icon":"speed-truck","icon_pos":"row","hori_alignment":"end","vert_alignment":"center","side_padding_hori":0,"side_padding_vert":0,"icon_size":27,"font_size":18,"font_weight":300,"color_text":"#000000","color_bg":"#e7ecf7","border_top":false,"border_bottom":false,"border_left":false,"border_right":false,"mobile_border_top":false,"mobile_border_bottom":false,"mobile_border_left":false,"mobile_border_right":false}},"1603054028838":{"type":"promotion","settings":{"width":34,"width_mobile":75,"height":40,"mobile_height":120,"has_padding":false,"linked_url":"shopify:\/\/collections\/all","title":"MONEY BACK GUARANTEE","icon":"speed-truck","icon_pos":"row","hori_alignment":"center","vert_alignment":"center","side_padding_hori":0,"side_padding_vert":0,"icon_size":27,"font_size":18,"font_weight":300,"color_text":"#000000","color_bg":"#e7ecf7","border_top":false,"border_bottom":false,"border_left":false,"border_right":false,"mobile_border_top":false,"mobile_border_bottom":false,"mobile_border_left":false,"mobile_border_right":false}},"1603079791331":{"type":"promotion","settings":{"width":33,"width_mobile":75,"height":40,"mobile_height":120,"has_padding":false,"linked_url":"shopify:\/\/collections\/all","title":"FAST AND RELIABLE SUPPORT","icon":"speed-truck","icon_pos":"row","hori_alignment":"start","vert_alignment":"center","side_padding_hori":0,"side_padding_vert":0,"icon_size":27,"font_size":18,"font_weight":300,"color_text":"#000000","color_bg":"#e7ecf7","border_top":false,"border_bottom":false,"border_left":false,"border_right":false,"mobile_border_top":false,"mobile_border_bottom":false,"mobile_border_left":false,"mobile_border_right":false}},"1603079967821":{"type":"spacing","settings":{"width":100,"width_mobile":0,"height":50,"mobile_height":30,"color_bg":"rgba(0,0,0,0)","line_thick":0,"line_width":100,"color_line":"#e6e7e8","line_align":"center"}}},"block_order":["1603053456629","1603054028838","1603079791331","1603079967821"],"settings":{"title":"Promotions","heading_hide":true,"heading_underline":false,"underline_color":"#3a3a3a","heading_center":true,"heading_fontsize":27,"heading_button":"","heading_button_url":"shopify:\/\/collections\/all","has_container":true,"has_padding":false,"color_bg":"rgba(0,0,0,0)","pattern":0,"center_content":false,"has_padding_smallscreen":false,"hori_scroll_mobile":true}},"1603131622992":{"type":"creative-builder","blocks":{"1603132234597":{"type":"spacing","settings":{"width":100,"width_mobile":0,"height":20,"mobile_height":30,"color_bg":"rgba(0,0,0,0)","line_thick":0,"line_width":100,"color_line":"#e6e7e8","line_align":"center"}},"1603131683092":{"type":"image","settings":{"width":20,"width_mobile":65,"has_padding":false,"image":"shopify:\/\/shop_images\/shop-by-brand-2_01.png","linked_url":"shopify:\/\/collections\/all","fadeoff":false,"image_pos":"column","text":"","text_align":"text-center","text_color":"#000000","text_size":18,"text_weight":400,"border_top":false,"border_bottom":true,"border_left":false,"border_right":false,"mobile_border_top":false,"mobile_border_bottom":false,"mobile_border_left":false,"mobile_border_right":false}},"1603131762070":{"type":"image","settings":{"width":20,"width_mobile":65,"has_padding":false,"image":"shopify:\/\/shop_images\/shop-by-brand-2_02.png","linked_url":"shopify:\/\/collections\/all","fadeoff":false,"image_pos":"column","text":"","text_align":"text-center","text_color":"#000000","text_size":18,"text_weight":400,"border_top":false,"border_bottom":true,"border_left":false,"border_right":false,"mobile_border_top":false,"mobile_border_bottom":false,"mobile_border_left":false,"mobile_border_right":false}},"1603131815556":{"type":"image","settings":{"width":20,"width_mobile":65,"has_padding":false,"image":"shopify:\/\/shop_images\/shop-by-brand-2_03.png","linked_url":"shopify:\/\/collections\/all","fadeoff":false,"image_pos":"column","text":"","text_align":"text-center","text_color":"#000000","text_size":18,"text_weight":400,"border_top":false,"border_bottom":true,"border_left":false,"border_right":false,"mobile_border_top":false,"mobile_border_bottom":false,"mobile_border_left":false,"mobile_border_right":false}},"1603131857265":{"type":"image","settings":{"width":20,"width_mobile":65,"has_padding":false,"image":"shopify:\/\/shop_images\/shop-by-brand-2_04.png","linked_url":"shopify:\/\/collections\/all","fadeoff":false,"image_pos":"column","text":"","text_align":"text-center","text_color":"#000000","text_size":18,"text_weight":400,"border_top":false,"border_bottom":true,"border_left":false,"border_right":false,"mobile_border_top":false,"mobile_border_bottom":false,"mobile_border_left":false,"mobile_border_right":false}},"1603131889982":{"type":"image","settings":{"width":20,"width_mobile":65,"has_padding":false,"image":"shopify:\/\/shop_images\/shop-by-brand-2_05.png","linked_url":"shopify:\/\/collections\/all","fadeoff":false,"image_pos":"column","text":"","text_align":"text-center","text_color":"#000000","text_size":18,"text_weight":400,"border_top":false,"border_bottom":true,"border_left":false,"border_right":false,"mobile_border_top":false,"mobile_border_bottom":false,"mobile_border_left":false,"mobile_border_right":false}},"1603131941413":{"type":"image","settings":{"width":20,"width_mobile":65,"has_padding":false,"image":"shopify:\/\/shop_images\/shop-by-brand-2_06.png","linked_url":"shopify:\/\/collections\/all","fadeoff":false,"image_pos":"column","text":"","text_align":"text-center","text_color":"#000000","text_size":18,"text_weight":400,"border_top":false,"border_bottom":false,"border_left":false,"border_right":false,"mobile_border_top":false,"mobile_border_bottom":false,"mobile_border_left":false,"mobile_border_right":false}},"1603539757716":{"type":"image","settings":{"width":20,"width_mobile":65,"has_padding":false,"image":"shopify:\/\/shop_images\/new-balance.png","linked_url":"shopify:\/\/collections\/all","fadeoff":false,"image_pos":"column","text":"","text_align":"text-center","text_color":"#000000","text_size":18,"text_weight":400,"border_top":false,"border_bottom":false,"border_left":false,"border_right":false,"mobile_border_top":false,"mobile_border_bottom":false,"mobile_border_left":false,"mobile_border_right":false}},"1603132022142":{"type":"image","settings":{"width":20,"width_mobile":65,"has_padding":false,"image":"shopify:\/\/shop_images\/shop-by-brand-2_07.png","linked_url":"shopify:\/\/collections\/all","fadeoff":false,"image_pos":"column","text":"","text_align":"text-center","text_color":"#000000","text_size":18,"text_weight":400,"border_top":false,"border_bottom":false,"border_left":false,"border_right":false,"mobile_border_top":false,"mobile_border_bottom":false,"mobile_border_left":false,"mobile_border_right":false}},"1603524721170":{"type":"image","settings":{"width":20,"width_mobile":65,"has_padding":false,"image":"shopify:\/\/shop_images\/nike.png","linked_url":"shopify:\/\/collections\/all","fadeoff":false,"image_pos":"column","text":"","text_align":"text-center","text_color":"#000000","text_size":18,"text_weight":400,"border_top":false,"border_bottom":false,"border_left":false,"border_right":false,"mobile_border_top":false,"mobile_border_bottom":false,"mobile_border_left":false,"mobile_border_right":false}},"1603524773240":{"type":"image","settings":{"width":20,"width_mobile":65,"has_padding":false,"image":"shopify:\/\/shop_images\/adidas.png","linked_url":"shopify:\/\/collections\/all","fadeoff":false,"image_pos":"column","text":"","text_align":"text-center","text_color":"#000000","text_size":18,"text_weight":400,"border_top":false,"border_bottom":false,"border_left":false,"border_right":false,"mobile_border_top":false,"mobile_border_bottom":false,"mobile_border_left":false,"mobile_border_right":false}},"1603171645100":{"type":"spacing","settings":{"width":100,"width_mobile":0,"height":50,"mobile_height":30,"color_bg":"rgba(0,0,0,0)","line_thick":0,"line_width":100,"color_line":"#e6e7e8","line_align":"center"}}},"block_order":["1603132234597","1603131683092","1603131762070","1603131815556","1603131857265","1603131889982","1603131941413","1603539757716","1603132022142","1603524721170","1603524773240","1603171645100"],"settings":{"title":"SHOP BY BRAND","heading_hide":true,"heading_underline":false,"underline_color":"#3a3a3a","heading_center":true,"heading_fontsize":27,"heading_button":"","heading_button_url":"shopify:\/\/collections\/all","has_container":true,"has_padding":false,"color_bg":"rgba(0,0,0,0)","pattern":0,"center_content":true,"has_padding_smallscreen":false,"hori_scroll_mobile":true}},"1603206554987":{"type":"creative-builder","blocks":{"1603206566508":{"type":"collection","settings":{"width":100,"width_mobile":100,"has_padding":false,"collection_id":"bestsellers","limit":8,"hori_scroll_mobile":true,"is_slider":false,"slider_items":4,"slider_items_mobile":2,"slider_arrow_pos":"cent-side","title":"Collection"}},"1603279109059":{"type":"spacing","settings":{"width":100,"width_mobile":0,"height":50,"mobile_height":30,"color_bg":"rgba(0,0,0,0)","line_thick":0,"line_width":100,"color_line":"#e6e7e8","line_align":"center"}}},"block_order":["1603206566508","1603279109059"],"settings":{"title":"SUMMER COLLECTION 2021","heading_hide":false,"heading_underline":false,"underline_color":"#3a3a3a","heading_center":true,"heading_fontsize":27,"heading_button":"","heading_button_url":"shopify:\/\/collections\/all","has_container":true,"has_padding":false,"color_bg":"rgba(0,0,0,0)","pattern":0,"center_content":false,"has_padding_smallscreen":false,"hori_scroll_mobile":false}}},"order":["1600746143555","1601371831722","1603053446548","1601007560458","1602841692046","1603206554987","1603131622992"]}