{"sections":{"1600746143555":{"type":"creative-builder","blocks":{"1602579343339":{"type":"group-start","settings":{"width":100,"width_mobile":100,"hori_scroll_mobile":false,"is_slider":true,"slider_items":1,"slider_items_mobile":1,"slider_autoplay":false,"slider_interval":2000,"slider_arrow_pos":"cent-side"}},"1600844294435":{"type":"banner","settings":{"width":100,"width_mobile":100,"height":640,"mobile_height":230,"has_padding":false,"bg_image":"shopify:\/\/shop_images\/slide-1.png","color_bg":"","pattern":0,"color_pattern":"#efefef","heading":"NEW<br>GLAMOUR","heading_color":"#ffffff","heading_size":100,"heading_weight":400,"heading_shadow":false,"heading_bgcolor_use":false,"heading_bgcolor":"#ffffff","cap":"NEW YOU","cap_color":"#000000","cap_size":60,"cap_weight":300,"cap_shadow":false,"cap_bgcolor_use":true,"cap_bgcolor":"#ffffff","cta_text":"SHOP NOW","linked_url":"shopify:\/\/collections\/all","modern":true,"cta_color":"#ffffff","cta_bgcolor":"#000000","cta_size":18,"cta_weight":400,"linklist_enabled":false,"linklist":"","linklist_color":"#000000","linklist_size":13,"linklist_weight":400,"linklist_col":2,"linklist_type":"left","text_align":"text-align-left","side_padding_hori":70,"side_padding_vert":50,"border_top":false,"border_bottom":false,"border_left":false,"border_right":false,"mobile_border_top":false,"mobile_border_bottom":false,"mobile_border_left":false,"mobile_border_right":false,"title":"Banner","content_align_hori":false}},"1600845107201":{"type":"banner","settings":{"width":100,"width_mobile":100,"height":640,"mobile_height":230,"has_padding":false,"bg_image":"shopify:\/\/shop_images\/slide-2.png","color_bg":"","pattern":0,"color_pattern":"#efefef","heading":"MEN<br>COLLECTION","heading_color":"#ffffff","heading_size":100,"heading_weight":400,"heading_shadow":false,"heading_bgcolor_use":false,"heading_bgcolor":"#ffffff","cap":"-20%","cap_color":"#000000","cap_size":60,"cap_weight":300,"cap_shadow":false,"cap_bgcolor_use":true,"cap_bgcolor":"#ffffff","cta_text":"SHOP NOW","linked_url":"shopify:\/\/collections\/all","modern":true,"cta_color":"#ffffff","cta_bgcolor":"#000000","cta_size":18,"cta_weight":400,"linklist_enabled":false,"linklist":"","linklist_color":"#000000","linklist_size":13,"linklist_weight":400,"linklist_col":2,"linklist_type":"left","text_align":"text-align-left","side_padding_hori":70,"side_padding_vert":50,"border_top":false,"border_bottom":false,"border_left":false,"border_right":false,"mobile_border_top":false,"mobile_border_bottom":false,"mobile_border_left":false,"mobile_border_right":false,"title":"Banner","content_align_hori":false}},"1600845552904":{"type":"banner","settings":{"width":100,"width_mobile":100,"height":640,"mobile_height":230,"has_padding":false,"bg_image":"shopify:\/\/shop_images\/slide-3.png","color_bg":"","pattern":0,"color_pattern":"#efefef","heading":"HAT &<br>GLASSES","heading_color":"#ffffff","heading_size":100,"heading_weight":400,"heading_shadow":false,"heading_bgcolor_use":false,"heading_bgcolor":"#ffffff","cap":"SPECIAL PRICE","cap_color":"#000000","cap_size":60,"cap_weight":300,"cap_shadow":false,"cap_bgcolor_use":true,"cap_bgcolor":"#ffffff","cta_text":"SHOP NOW","linked_url":"shopify:\/\/collections\/all","modern":true,"cta_color":"#ffffff","cta_bgcolor":"#000000","cta_size":18,"cta_weight":400,"linklist_enabled":false,"linklist":"","linklist_color":"#000000","linklist_size":13,"linklist_weight":400,"linklist_col":2,"linklist_type":"left","text_align":"text-align-left","side_padding_hori":70,"side_padding_vert":50,"border_top":false,"border_bottom":false,"border_left":false,"border_right":false,"mobile_border_top":false,"mobile_border_bottom":false,"mobile_border_left":false,"mobile_border_right":false,"title":"Banner","content_align_hori":false}},"1602579348138":{"type":"group-end","settings":{}}},"block_order":["1602579343339","1600844294435","1600845107201","1600845552904","1602579348138"],"settings":{"title":"Slider","heading_hide":true,"heading_underline":true,"underline_color":"#685858","heading_center":true,"heading_fontsize":27,"heading_button":"","heading_button_url":"shopify:\/\/collections\/all","has_container":false,"has_padding":true,"color_bg":"rgba(0,0,0,0)","pattern":0,"color_pattern":"#b9b9b9","center_content":false,"has_padding_smallscreen":false,"hori_scroll_mobile":false}},"1601007560458":{"type":"creative-builder","blocks":{"1601007578406":{"type":"banner","settings":{"width":50,"width_mobile":100,"height":270,"mobile_height":200,"has_padding":true,"bg_image":"shopify:\/\/shop_images\/banner-men.png","color_bg":"","pattern":0,"color_pattern":"#efefef","heading":"MEN","heading_color":"#ffffff","heading_size":50,"heading_weight":400,"heading_shadow":false,"heading_bgcolor_use":false,"heading_bgcolor":"#ffffff","cap":"","cap_color":"#ffffff","cap_size":14,"cap_weight":400,"cap_shadow":false,"cap_bgcolor_use":false,"cap_bgcolor":"#ffffff","cta_text":"SHOP NOW","linked_url":"shopify:\/\/collections\/all","modern":false,"cta_color":"#000000","cta_bgcolor":"#ffffff","cta_size":18,"cta_weight":400,"linklist_enabled":false,"linklist":"","linklist_color":"#000000","linklist_size":13,"linklist_weight":400,"linklist_col":2,"linklist_type":"left","text_align":"text-align-left","side_padding_hori":10,"side_padding_vert":50,"border_top":false,"border_bottom":false,"border_left":false,"border_right":false,"mobile_border_top":false,"mobile_border_bottom":false,"mobile_border_left":false,"mobile_border_right":false,"title":"Banner","content_align_hori":false}},"1601007588841":{"type":"banner","settings":{"width":50,"width_mobile":100,"height":270,"mobile_height":200,"has_padding":true,"bg_image":"shopify:\/\/shop_images\/banner-women.png","color_bg":"","pattern":0,"color_pattern":"#efefef","heading":"WOMEN","heading_color":"#ffffff","heading_size":50,"heading_weight":400,"heading_shadow":false,"heading_bgcolor_use":false,"heading_bgcolor":"#ffffff","cap":"","cap_color":"#ffffff","cap_size":14,"cap_weight":400,"cap_shadow":false,"cap_bgcolor_use":false,"cap_bgcolor":"#ffffff","cta_text":"SHOP NOW","linked_url":"shopify:\/\/collections\/all","modern":false,"cta_color":"#000000","cta_bgcolor":"#ffffff","cta_size":18,"cta_weight":400,"linklist_enabled":false,"linklist":"","linklist_color":"#000000","linklist_size":13,"linklist_weight":400,"linklist_col":2,"linklist_type":"left","text_align":"text-align-left","side_padding_hori":10,"side_padding_vert":50,"border_top":false,"border_bottom":false,"border_left":false,"border_right":false,"mobile_border_top":false,"mobile_border_bottom":false,"mobile_border_left":false,"mobile_border_right":false,"title":"Banner","content_align_hori":false}}},"block_order":["1601007578406","1601007588841"],"settings":{"title":"Men - Women","heading_hide":true,"heading_underline":false,"underline_color":"#3a3a3a","heading_center":true,"heading_fontsize":27,"heading_button":"","heading_button_url":"shopify:\/\/collections\/all","has_container":true,"has_padding":false,"color_bg":"rgba(0,0,0,0)","pattern":0,"color_pattern":"#b9b9b9","center_content":false,"has_padding_smallscreen":false,"hori_scroll_mobile":false}},"1601222784442":{"type":"creative-builder","blocks":{"1601222790360":{"type":"promotion","settings":{"width":20,"width_mobile":60,"height":150,"mobile_height":120,"has_padding":false,"linked_url":"shopify:\/\/collections\/all","title":"SHOES","icon_mode":"icon","icon":"sneaker","icon_svg":"","icon_pos":"column","hori_alignment":"start","vert_alignment":"center","side_padding_hori":25,"side_padding_vert":0,"icon_size":27,"font_size":20,"font_weight":400,"color_text":"#000000","color_bg":"#f3f3f3","border_top":false,"border_bottom":false,"border_left":false,"border_right":true,"mobile_border_top":false,"mobile_border_bottom":true,"mobile_border_left":false,"mobile_border_right":true}},"1601222790361":{"type":"promotion","settings":{"width":20,"width_mobile":60,"height":150,"mobile_height":120,"has_padding":false,"linked_url":"shopify:\/\/collections\/all","title":"GLASSES","icon_mode":"icon","icon":"glasses","icon_svg":"","icon_pos":"column","hori_alignment":"start","vert_alignment":"center","side_padding_hori":25,"side_padding_vert":0,"icon_size":27,"font_size":20,"font_weight":400,"color_text":"#000000","color_bg":"#f3f3f3","border_top":false,"border_bottom":false,"border_left":false,"border_right":true,"mobile_border_top":false,"mobile_border_bottom":true,"mobile_border_left":false,"mobile_border_right":false}},"1601222790362":{"type":"promotion","settings":{"width":20,"width_mobile":60,"height":150,"mobile_height":120,"has_padding":false,"linked_url":"shopify:\/\/collections\/all","title":"HATS","icon_mode":"icon","icon":"cap","icon_svg":"","icon_pos":"column","hori_alignment":"start","vert_alignment":"center","side_padding_hori":25,"side_padding_vert":0,"icon_size":27,"font_size":20,"font_weight":400,"color_text":"#000000","color_bg":"#f3f3f3","border_top":false,"border_bottom":false,"border_left":false,"border_right":true,"mobile_border_top":false,"mobile_border_bottom":true,"mobile_border_left":false,"mobile_border_right":true}},"1601222790363":{"type":"promotion","settings":{"width":20,"width_mobile":60,"height":150,"mobile_height":100,"has_padding":false,"linked_url":"shopify:\/\/collections\/all","title":"SWIMWEAR","icon_mode":"icon","icon":"bikini-top","icon_svg":"","icon_pos":"column","hori_alignment":"start","vert_alignment":"center","side_padding_hori":25,"side_padding_vert":0,"icon_size":27,"font_size":20,"font_weight":400,"color_text":"#000000","color_bg":"#f3f3f3","border_top":false,"border_bottom":false,"border_left":false,"border_right":true,"mobile_border_top":false,"mobile_border_bottom":true,"mobile_border_left":false,"mobile_border_right":false}},"1601222790364":{"type":"promotion","settings":{"width":20,"width_mobile":60,"height":150,"mobile_height":100,"has_padding":false,"linked_url":"shopify:\/\/collections\/all","title":"SERVICES","icon_mode":"icon","icon":"sewing","icon_svg":"","icon_pos":"column","hori_alignment":"start","vert_alignment":"center","side_padding_hori":25,"side_padding_vert":0,"icon_size":27,"font_size":20,"font_weight":400,"color_text":"#000000","color_bg":"#f3f3f3","border_top":false,"border_bottom":false,"border_left":false,"border_right":false,"mobile_border_top":false,"mobile_border_bottom":false,"mobile_border_left":false,"mobile_border_right":false}},"1603049305390":{"type":"spacing","settings":{"width":100,"width_mobile":0,"height":70,"mobile_height":20,"color_bg":"rgba(0,0,0,0)","line_thick":0,"line_width":100,"color_line":"#e6e7e8","line_align":"center"}}},"block_order":["1601222790360","1601222790361","1601222790362","1601222790363","1601222790364","1603049305390"],"settings":{"title":"Categories","heading_hide":true,"heading_underline":true,"underline_color":"#3a3a3a","heading_center":true,"heading_fontsize":27,"heading_button":"","heading_button_url":"shopify:\/\/collections\/all","has_container":true,"has_padding":true,"color_bg":"rgba(0,0,0,0)","pattern":0,"color_pattern":"#b9b9b9","center_content":false,"has_padding_smallscreen":false,"hori_scroll_mobile":true}},"1601371831722":{"type":"creative-builder","blocks":{"1601371892761":{"type":"tab-start","settings":{"width":100,"width_mobile":100,"heading_underline":true,"underline_color":"#3a3a3a","heading_center":true}},"1601371838874":{"type":"collection","settings":{"width":100,"width_mobile":100,"has_padding":false,"collection_id":"bestsellers","limit":8,"hori_scroll_mobile":false,"is_slider":false,"slider_items":4,"slider_items_mobile":2,"slider_arrow_pos":"cent-side","title":"PRODUCTS TAB"}},"1601385829602":{"type":"collection","settings":{"width":100,"width_mobile":100,"has_padding":false,"collection_id":"featured","limit":8,"hori_scroll_mobile":false,"is_slider":false,"slider_items":4,"slider_items_mobile":2,"slider_arrow_pos":"cent-side","title":"FEATURED"}},"1601371897822":{"type":"tab-end","settings":{}},"1603049257144":{"type":"spacing","settings":{"width":100,"width_mobile":0,"height":70,"mobile_height":20,"color_bg":"rgba(0,0,0,0)","line_thick":0,"line_width":100,"color_line":"#e6e7e8","line_align":"center"}}},"block_order":["1601371892761","1601371838874","1601385829602","1601371897822","1603049257144"],"settings":{"title":"Product tabs","heading_hide":true,"heading_underline":false,"underline_color":"#3a3a3a","heading_center":true,"heading_fontsize":27,"heading_button":"","heading_button_url":"shopify:\/\/collections\/all","has_container":true,"has_padding":false,"color_bg":"rgba(0,0,0,0)","pattern":0,"color_pattern":"#b9b9b9","center_content":false,"has_padding_smallscreen":true,"hori_scroll_mobile":false}},"1601873865690":{"type":"creative-builder","blocks":{"1603333798613":{"type":"collection","settings":{"width":100,"width_mobile":100,"has_padding":false,"collection_id":"latest-products","limit":8,"hori_scroll_mobile":true,"is_slider":true,"slider_items":4,"slider_items_mobile":2,"slider_arrow_pos":"cent-side","title":"Collection"}},"1603049387462":{"type":"spacing","settings":{"width":100,"width_mobile":0,"height":70,"mobile_height":20,"color_bg":"rgba(0,0,0,0)","line_thick":0,"line_width":100,"color_line":"#e6e7e8","line_align":"center"}}},"block_order":["1603333798613","1603049387462"],"settings":{"title":"SUMMER COLLECTION 2020","heading_hide":false,"heading_underline":false,"underline_color":"#3a3a3a","heading_center":true,"heading_fontsize":27,"heading_button":"","heading_button_url":"shopify:\/\/collections\/all","has_container":true,"has_padding":false,"color_bg":"rgba(0,0,0,0)","pattern":0,"color_pattern":"#b9b9b9","center_content":false,"has_padding_smallscreen":true,"hori_scroll_mobile":false}},"1602373899330":{"type":"creative-builder","blocks":{"1602373911493":{"type":"image","settings":{"width":10,"width_mobile":20,"has_padding":false,"image":"shopify:\/\/shop_images\/Rectangle_949_copy_5.png","linked_url":"https:\/\/www.instagram.com\/p\/BjqwcFLA1wv\/","fadeoff":false,"image_pos":"column","text":"","text_align":"text-center","text_color":"#000000","text_size":34,"text_weight":400,"border_top":false,"border_bottom":false,"border_left":false,"border_right":false,"mobile_border_top":false,"mobile_border_bottom":false,"mobile_border_left":false,"mobile_border_right":false}},"1602780355938":{"type":"image","settings":{"width":10,"width_mobile":20,"has_padding":false,"image":"shopify:\/\/shop_images\/Rectangle_949_copy_4.png","linked_url":"https:\/\/www.instagram.com\/p\/BjqwbhHgh2U\/","fadeoff":false,"image_pos":"column","text":"","text_align":"text-center","text_color":"#000000","text_size":18,"text_weight":400,"border_top":false,"border_bottom":false,"border_left":false,"border_right":false,"mobile_border_top":false,"mobile_border_bottom":false,"mobile_border_left":false,"mobile_border_right":false}},"1602780427835":{"type":"image","settings":{"width":10,"width_mobile":20,"has_padding":false,"image":"shopify:\/\/shop_images\/Rectangle_949_copy_2.png","linked_url":"https:\/\/www.instagram.com\/p\/Bjqwbk-gOON\/","fadeoff":false,"image_pos":"column","text":"","text_align":"text-center","text_color":"#000000","text_size":18,"text_weight":400,"border_top":false,"border_bottom":false,"border_left":false,"border_right":false,"mobile_border_top":false,"mobile_border_bottom":false,"mobile_border_left":false,"mobile_border_right":false}},"1602780656547":{"type":"image","settings":{"width":10,"width_mobile":20,"has_padding":false,"image":"shopify:\/\/shop_images\/Rectangle_949_copy_3-2.png","linked_url":"https:\/\/www.instagram.com\/p\/BjqwX7XA944\/","fadeoff":false,"image_pos":"column","text":"","text_align":"text-center","text_color":"#000000","text_size":18,"text_weight":400,"border_top":false,"border_bottom":false,"border_left":false,"border_right":false,"mobile_border_top":false,"mobile_border_bottom":false,"mobile_border_left":false,"mobile_border_right":false}},"1602780698466":{"type":"image","settings":{"width":10,"width_mobile":20,"has_padding":false,"image":"shopify:\/\/shop_images\/Rectangle_949_copy_3.png","linked_url":"https:\/\/www.instagram.com\/p\/BjqwY62ABQ-\/","fadeoff":false,"image_pos":"column","text":"","text_align":"text-center","text_color":"#000000","text_size":18,"text_weight":400,"border_top":false,"border_bottom":false,"border_left":false,"border_right":false,"mobile_border_top":false,"mobile_border_bottom":false,"mobile_border_left":false,"mobile_border_right":false}},"1602780813303":{"type":"image","settings":{"width":10,"width_mobile":20,"has_padding":false,"image":"shopify:\/\/shop_images\/Rectangle_949_copy_8.png","linked_url":"https:\/\/www.instagram.com\/p\/BjqwYb5AJ1b\/","fadeoff":false,"image_pos":"column","text":"","text_align":"text-center","text_color":"#000000","text_size":18,"text_weight":400,"border_top":false,"border_bottom":false,"border_left":false,"border_right":false,"mobile_border_top":false,"mobile_border_bottom":false,"mobile_border_left":false,"mobile_border_right":false}},"1602780860691":{"type":"image","settings":{"width":10,"width_mobile":20,"has_padding":false,"image":"shopify:\/\/shop_images\/Rectangle_949_copy_7.png","linked_url":"https:\/\/www.instagram.com\/p\/BjqwUoygMZ9\/","fadeoff":false,"image_pos":"column","text":"","text_align":"text-center","text_color":"#000000","text_size":18,"text_weight":400,"border_top":false,"border_bottom":false,"border_left":false,"border_right":false,"mobile_border_top":false,"mobile_border_bottom":false,"mobile_border_left":false,"mobile_border_right":false}},"1602780935149":{"type":"image","settings":{"width":10,"width_mobile":20,"has_padding":false,"image":"shopify:\/\/shop_images\/Rectangle_949_copy_6.png","linked_url":"https:\/\/www.instagram.com\/p\/BjqwHceg4ub\/","fadeoff":false,"image_pos":"column","text":"","text_align":"text-center","text_color":"#000000","text_size":18,"text_weight":400,"border_top":false,"border_bottom":false,"border_left":false,"border_right":false,"mobile_border_top":false,"mobile_border_bottom":false,"mobile_border_left":false,"mobile_border_right":false}},"1602781102322":{"type":"image","settings":{"width":10,"width_mobile":20,"has_padding":false,"image":"shopify:\/\/shop_images\/Rectangle_949_copy_5.png","linked_url":"https:\/\/www.instagram.com\/p\/BjqwFVwAaQU\/","fadeoff":false,"image_pos":"column","text":"","text_align":"text-center","text_color":"#000000","text_size":18,"text_weight":400,"border_top":false,"border_bottom":false,"border_left":false,"border_right":false,"mobile_border_top":false,"mobile_border_bottom":false,"mobile_border_left":false,"mobile_border_right":false}},"1602781159761":{"type":"image","settings":{"width":10,"width_mobile":20,"has_padding":false,"image":"shopify:\/\/shop_images\/Rectangle_949_copy_4.png","linked_url":"https:\/\/www.instagram.com\/p\/BjqwHoCgdzF\/","fadeoff":false,"image_pos":"column","text":"","text_align":"text-center","text_color":"#000000","text_size":18,"text_weight":400,"border_top":false,"border_bottom":false,"border_left":false,"border_right":false,"mobile_border_top":false,"mobile_border_bottom":false,"mobile_border_left":false,"mobile_border_right":false}}},"block_order":["1602373911493","1602780355938","1602780427835","1602780656547","1602780698466","1602780813303","1602780860691","1602780935149","1602781102322","1602781159761"],"settings":{"title":"FOLLOW <span style=\"color:#e24d56\">@FASTOR<\/span> ON INSTAGRAM","heading_hide":false,"heading_underline":false,"underline_color":"#3a3a3a","heading_center":true,"heading_fontsize":27,"heading_button":"","heading_button_url":"shopify:\/\/collections\/all","has_container":false,"has_padding":false,"color_bg":"rgba(0,0,0,0)","pattern":0,"color_pattern":"#b9b9b9","center_content":false,"has_padding_smallscreen":false,"hori_scroll_mobile":false}},"1602374849401":{"type":"index-filter","blocks":{"1602374910161":{"type":"collection","settings":{"collection":"bestsellers"}},"1602374941366":{"type":"collection","settings":{"collection":"featured"}},"1602374936137":{"type":"tags","settings":{"heading":"Color","tags":"Black,Red"}},"1602480538280":{"type":"tags","settings":{"heading":"Brand","tags":"Insight,Brixton,Poler"}}},"block_order":["1602374910161","1602374941366","1602374936137","1602480538280"],"settings":{"visible_on_mobile":true,"has_container":true,"content_width":80,"height":220,"title":"ADVANCED FILTER","caption":"SEARCH FOR A PRODUCTS, <span class=\"border-bottom custom-border-color\" style=\"color:#d9121f;--border-color:#d9121f\">YOU ARE REALLY LOOKING FOR<\/span>","placeholder_text":"Choose a collection...","btn":"SEARCH","bg_color":"#cccccc","bg_image":"shopify:\/\/shop_images\/advanced_filter.png","heading_color":"#000000","heading_fontsize":25,"heading_fontweight":400,"caption_color":"#393a3b","caption_fontsize":16,"caption_fontweight":300}},"1602822808304":{"type":"lookbook","blocks":{"1602830764360":{"type":"product","settings":{"product_id":"canon-eos-5d","color_number":"#ffffff","color_number_bg":"#d9121f","left":56,"top":40}},"1602840908937":{"type":"product","settings":{"product_id":"imac","color_number":"#ffffff","color_number_bg":"#d9121f","left":73,"top":28}},"1602841067391":{"type":"product","settings":{"product_id":"ipod-nano","color_number":"#ffffff","color_number_bg":"#d9121f","left":74,"top":65}}},"block_order":["1602830764360","1602840908937","1602841067391"],"settings":{"ratio":"3\/1","has_container":false,"has_padding":false,"bg_image":"shopify:\/\/shop_images\/lookbook-bg_a06bc677-d029-4089-b917-f134d8b3b864.png","color_bg":"#2d2d2d","title":"LOOKBOOK","heading_color":"#ffffff","heading_size":100,"heading_weight":400,"cap":"HOVER THE NUMBER TO SEE THE PRODUCT","cap_color":"#ffffff","cap_size":20,"cap_weight":300}},"1602841692046":{"type":"creative-builder","blocks":{"1602841702768":{"type":"banner","settings":{"width":33,"width_mobile":90,"height":270,"mobile_height":240,"has_padding":true,"bg_image":"shopify:\/\/shop_images\/Rectangle_1108-3.png","color_bg":"#275a36","pattern":0,"color_pattern":"#efefef","heading":"SHIRTS ON SALE","heading_color":"#000000","heading_size":30,"heading_weight":300,"heading_shadow":false,"heading_bgcolor_use":true,"heading_bgcolor":"#ffffff","cap":"","cap_color":"#ffffff","cap_size":14,"cap_weight":400,"cap_shadow":false,"cap_bgcolor_use":false,"cap_bgcolor":"#ffffff","cta_text":"SHOP NOW","linked_url":"shopify:\/\/collections\/all","modern":true,"cta_color":"#ffffff","cta_bgcolor":"#000000","cta_size":16,"cta_weight":400,"linklist_enabled":false,"linklist":"","linklist_color":"#000000","linklist_size":13,"linklist_weight":400,"linklist_col":2,"linklist_type":"left","text_align":"text-align-center","side_padding_hori":50,"side_padding_vert":50,"border_top":false,"border_bottom":false,"border_left":false,"border_right":false,"mobile_border_top":false,"mobile_border_bottom":false,"mobile_border_left":false,"mobile_border_right":false,"title":"Banner","content_align_hori":false}},"1602841708136":{"type":"banner","settings":{"width":34,"width_mobile":100,"height":270,"mobile_height":240,"has_padding":true,"bg_image":"shopify:\/\/shop_images\/Rectangle_1108-2.png","color_bg":"#c3101b","pattern":0,"color_pattern":"#efefef","heading":"SALE UP TO -70%","heading_color":"#000000","heading_size":30,"heading_weight":300,"heading_shadow":false,"heading_bgcolor_use":true,"heading_bgcolor":"#ffffff","cap":"","cap_color":"#ffffff","cap_size":14,"cap_weight":400,"cap_shadow":false,"cap_bgcolor_use":false,"cap_bgcolor":"#ffffff","cta_text":"SHOP NOW","linked_url":"shopify:\/\/collections\/all","modern":true,"cta_color":"#ffffff","cta_bgcolor":"#000000","cta_size":18,"cta_weight":400,"linklist_enabled":false,"linklist":"","linklist_color":"#000000","linklist_size":13,"linklist_weight":400,"linklist_col":2,"linklist_type":"left","text_align":"text-align-center","side_padding_hori":50,"side_padding_vert":50,"border_top":false,"border_bottom":false,"border_left":false,"border_right":false,"mobile_border_top":false,"mobile_border_bottom":false,"mobile_border_left":false,"mobile_border_right":false,"title":"Banner","content_align_hori":false}},"1602841712713":{"type":"banner","settings":{"width":33,"width_mobile":100,"height":270,"mobile_height":240,"has_padding":true,"bg_image":"shopify:\/\/shop_images\/Rectangle_1108.png","color_bg":"#bfbfbf","pattern":0,"color_pattern":"#efefef","heading":"SHIRTS ON SALE","heading_color":"#000000","heading_size":30,"heading_weight":300,"heading_shadow":false,"heading_bgcolor_use":true,"heading_bgcolor":"#ffffff","cap":"","cap_color":"#ffffff","cap_size":14,"cap_weight":400,"cap_shadow":false,"cap_bgcolor_use":false,"cap_bgcolor":"#ffffff","cta_text":"SHOP NOW","linked_url":"shopify:\/\/collections\/all","modern":true,"cta_color":"#ffffff","cta_bgcolor":"#000000","cta_size":18,"cta_weight":400,"linklist_enabled":false,"linklist":"","linklist_color":"#000000","linklist_size":13,"linklist_weight":400,"linklist_col":2,"linklist_type":"left","text_align":"text-align-center","side_padding_hori":50,"side_padding_vert":50,"border_top":false,"border_bottom":false,"border_left":false,"border_right":false,"mobile_border_top":false,"mobile_border_bottom":false,"mobile_border_left":false,"mobile_border_right":false,"title":"Banner","content_align_hori":false}},"1603049227136":{"type":"spacing","settings":{"width":100,"width_mobile":0,"height":30,"mobile_height":20,"color_bg":"rgba(0,0,0,0)","line_thick":0,"line_width":100,"color_line":"#e6e7e8","line_align":"center"}}},"block_order":["1602841702768","1602841708136","1602841712713","1603049227136"],"settings":{"title":"3 banners","heading_hide":true,"heading_underline":false,"underline_color":"#3a3a3a","heading_center":true,"heading_fontsize":27,"heading_button":"","heading_button_url":"shopify:\/\/collections\/all","has_container":true,"has_padding":true,"color_bg":"rgba(0,0,0,0)","pattern":0,"color_pattern":"#b9b9b9","center_content":false,"has_padding_smallscreen":false,"hori_scroll_mobile":true}},"1603049419308":{"type":"creative-builder","blocks":{"1603049441799":{"type":"product","settings":{"width":25,"width_mobile":50,"has_padding":true,"product_id":"macbook-pro","product_badge":"1"}},"1603049482542":{"type":"product","settings":{"width":25,"width_mobile":50,"has_padding":true,"product_id":"macbook-air","product_badge":"2"}},"1603049514832":{"type":"product","settings":{"width":25,"width_mobile":50,"has_padding":true,"product_id":"ipod-nano","product_badge":"3"}},"1603131372613":{"type":"spacing","settings":{"width":100,"width_mobile":0,"height":70,"mobile_height":30,"color_bg":"rgba(0,0,0,0)","line_thick":0,"line_width":100,"color_line":"#e6e7e8","line_align":"center"}}},"block_order":["1603049441799","1603049482542","1603049514832","1603131372613"],"settings":{"title":"TOP 3","heading_hide":false,"heading_underline":false,"underline_color":"#3a3a3a","heading_center":true,"heading_fontsize":27,"heading_button":"","heading_button_url":"shopify:\/\/collections\/all","has_container":true,"has_padding":false,"color_bg":"rgba(0,0,0,0)","pattern":0,"color_pattern":"#b9b9b9","center_content":true,"has_padding_smallscreen":true,"hori_scroll_mobile":true}},"1603049925544":{"type":"creative-builder","disabled":true,"blocks":{"1603049940382":{"type":"video","settings":{"width":100,"width_mobile":100,"has_padding":false,"video_source":"youtube","youtube_url":"https:\/\/www.youtube.com\/watch?v=5fFGVQS8xl8","mp4_url":"","cover_img":"shopify:\/\/shop_images\/video_882cd9b7-cc27-4a56-a539-caf49a005168.png","ratio":"21\/9","title":"WANTED<br>VIDEO?","heading_color":"#ffffff","heading_size":82,"heading_weight":400,"cap":"YOUTUBE & MP4 READY!","cap_color":"#ffffff","cap_size":30,"cap_weight":300}},"1603050922558":{"type":"spacing","settings":{"width":100,"width_mobile":0,"height":70,"mobile_height":20,"color_bg":"rgba(0,0,0,0)","line_thick":0,"line_width":100,"color_line":"#e6e7e8","line_align":"center"}}},"block_order":["1603049940382","1603050922558"],"settings":{"title":"Video","heading_hide":true,"heading_underline":false,"underline_color":"#3a3a3a","heading_center":true,"heading_fontsize":27,"heading_button":"","heading_button_url":"shopify:\/\/collections\/all","has_container":false,"has_padding":false,"color_bg":"rgba(0,0,0,0)","pattern":0,"color_pattern":"#b9b9b9","center_content":false,"has_padding_smallscreen":false,"hori_scroll_mobile":false}},"1603050597955":{"type":"creative-builder","blocks":{"1603333905886":{"type":"collection","settings":{"width":100,"width_mobile":100,"has_padding":false,"collection_id":"featured","limit":5,"hori_scroll_mobile":true,"is_slider":true,"slider_items":4,"slider_items_mobile":2,"slider_arrow_pos":"cent-side","title":"Collection"}},"1603079917505":{"type":"spacing","settings":{"width":100,"width_mobile":0,"height":50,"mobile_height":30,"color_bg":"rgba(0,0,0,0)","line_thick":0,"line_width":100,"color_line":"#e6e7e8","line_align":"center"}}},"block_order":["1603333905886","1603079917505"],"settings":{"title":"BESTSELLERS","heading_hide":false,"heading_underline":false,"underline_color":"#3a3a3a","heading_center":true,"heading_fontsize":27,"heading_button":"","heading_button_url":"shopify:\/\/collections\/all","has_container":true,"has_padding":false,"color_bg":"rgba(0,0,0,0)","pattern":0,"color_pattern":"#b9b9b9","center_content":false,"has_padding_smallscreen":true,"hori_scroll_mobile":false}},"1603051214649":{"type":"creative-builder","blocks":{"1603051233685":{"type":"review","settings":{"width":33,"width_mobile":75,"has_padding":false,"comment":"I'm really satisfied with this theme. this is very easy to use. There customer support is very good","star":5,"signature":"- Jane Doe -","color_bg":"#ffffff","color_comment":"#000000","color_signature":"#808080","fontsize_comment":20,"fontsize_signature":14,"align_center":false}},"1603051272944":{"type":"review","settings":{"width":34,"width_mobile":75,"has_padding":false,"comment":"Customer support has answered the bunch of questions I have had so far. Thank you so much.","star":5,"signature":"August 17, 2020","color_bg":"#ffffff","color_comment":"#000000","color_signature":"#808080","fontsize_comment":20,"fontsize_signature":14,"align_center":false}},"1603051283612":{"type":"review","settings":{"width":33,"width_mobile":75,"has_padding":false,"comment":"Great templates and free plugins, very smooth, and very cheap. I bought 2 of them.","star":5,"signature":"Sep 3, 2020","color_bg":"#ffffff","color_comment":"#000000","color_signature":"#808080","fontsize_comment":20,"fontsize_signature":14,"align_center":false}},"1603051969907":{"type":"spacing","settings":{"width":100,"width_mobile":0,"height":40,"mobile_height":30,"color_bg":"rgba(0,0,0,0)","line_thick":0,"line_width":100,"color_line":"#e6e7e8","line_align":"center"}}},"block_order":["1603051233685","1603051272944","1603051283612","1603051969907"],"settings":{"title":"WHAT CUSTOMERS ARE SAYING","heading_hide":false,"heading_underline":false,"underline_color":"#3a3a3a","heading_center":true,"heading_fontsize":27,"heading_button":"","heading_button_url":"shopify:\/\/collections\/all","has_container":true,"has_padding":false,"color_bg":"rgba(0,0,0,0)","pattern":0,"color_pattern":"#b9b9b9","center_content":false,"has_padding_smallscreen":true,"hori_scroll_mobile":true}},"1603051453945":{"type":"creative-builder","blocks":{"1603051469934":{"type":"article","settings":{"width":33,"width_mobile":75,"has_padding":true,"article_id":"news\/new-super-collection-2021-lookbook","ratio":"4\/3","color_bg":"#ffffff","color_title":"#000000","color_commentcount":"#808080","fontsize_title":20,"fontsize_info":13}},"1603051522164":{"type":"article","settings":{"width":33,"width_mobile":75,"has_padding":true,"article_id":"news\/the-great-fairy-in-the-universe","ratio":"4\/3","color_bg":"#ffffff","color_title":"#000000","color_commentcount":"#808080","fontsize_title":20,"fontsize_info":13}},"1603051564477":{"type":"article","settings":{"width":33,"width_mobile":75,"has_padding":true,"article_id":"news\/new-super-collection-2020-lookbook","ratio":"4\/3","color_bg":"#ffffff","color_title":"#000000","color_commentcount":"#808080","fontsize_title":20,"fontsize_info":13}},"1603051692493":{"type":"text","settings":{"width":100,"width_mobile":0,"has_padding":true,"text":"<a class=\"btn-modern\" href=\"https:\/\/rt-fastor-default.myshopify.com\/blogs\/news\">SHOW ALL<\/a>","color_text":"#000000","text_align":"justify-content-center"}},"1603131569287":{"type":"spacing","settings":{"width":100,"width_mobile":0,"height":50,"mobile_height":30,"color_bg":"rgba(0,0,0,0)","line_thick":0,"line_width":100,"color_line":"#e6e7e8","line_align":"center"}}},"block_order":["1603051469934","1603051522164","1603051564477","1603051692493","1603131569287"],"settings":{"title":"FROM THE BLOG","heading_hide":false,"heading_underline":false,"underline_color":"#3a3a3a","heading_center":true,"heading_fontsize":27,"heading_button":"","heading_button_url":"shopify:\/\/collections\/all","has_container":true,"has_padding":false,"color_bg":"rgba(0,0,0,0)","pattern":0,"color_pattern":"#b9b9b9","center_content":true,"has_padding_smallscreen":true,"hori_scroll_mobile":true}},"1603053446548":{"type":"creative-builder","blocks":{"1603053456629":{"type":"promotion","settings":{"width":33,"width_mobile":75,"height":40,"mobile_height":120,"has_padding":false,"linked_url":"shopify:\/\/collections\/all","title":"FREE SHIPPING & RETURN","icon_mode":"icon","icon":"speed-truck","icon_svg":"","icon_pos":"row","hori_alignment":"end","vert_alignment":"center","side_padding_hori":0,"side_padding_vert":0,"icon_size":27,"font_size":18,"font_weight":300,"color_text":"#000000","color_bg":"#e7ecf7","border_top":false,"border_bottom":false,"border_left":false,"border_right":false,"mobile_border_top":false,"mobile_border_bottom":false,"mobile_border_left":false,"mobile_border_right":false}},"1603054028838":{"type":"promotion","settings":{"width":34,"width_mobile":75,"height":40,"mobile_height":120,"has_padding":false,"linked_url":"shopify:\/\/collections\/all","title":"MONEY BACK GUARANTEE","icon_mode":"icon","icon":"speed-truck","icon_svg":"","icon_pos":"row","hori_alignment":"center","vert_alignment":"center","side_padding_hori":0,"side_padding_vert":0,"icon_size":27,"font_size":18,"font_weight":300,"color_text":"#000000","color_bg":"#e7ecf7","border_top":false,"border_bottom":false,"border_left":false,"border_right":false,"mobile_border_top":false,"mobile_border_bottom":false,"mobile_border_left":false,"mobile_border_right":false}},"1603079791331":{"type":"promotion","settings":{"width":33,"width_mobile":75,"height":40,"mobile_height":120,"has_padding":false,"linked_url":"shopify:\/\/collections\/all","title":"FAST AND RELIABLE SUPPORT","icon_mode":"icon","icon":"speed-truck","icon_svg":"","icon_pos":"row","hori_alignment":"start","vert_alignment":"center","side_padding_hori":0,"side_padding_vert":0,"icon_size":27,"font_size":18,"font_weight":300,"color_text":"#000000","color_bg":"#e7ecf7","border_top":false,"border_bottom":false,"border_left":false,"border_right":false,"mobile_border_top":false,"mobile_border_bottom":false,"mobile_border_left":false,"mobile_border_right":false}},"1603079967821":{"type":"spacing","settings":{"width":100,"width_mobile":0,"height":50,"mobile_height":30,"color_bg":"rgba(0,0,0,0)","line_thick":0,"line_width":100,"color_line":"#e6e7e8","line_align":"center"}}},"block_order":["1603053456629","1603054028838","1603079791331","1603079967821"],"settings":{"title":"Promotions","heading_hide":true,"heading_underline":false,"underline_color":"#3a3a3a","heading_center":true,"heading_fontsize":27,"heading_button":"","heading_button_url":"shopify:\/\/collections\/all","has_container":true,"has_padding":false,"color_bg":"rgba(0,0,0,0)","pattern":0,"color_pattern":"#b9b9b9","center_content":false,"has_padding_smallscreen":false,"hori_scroll_mobile":true}},"1603131622992":{"type":"creative-builder","blocks":{"1603131683092":{"type":"image","settings":{"width":20,"width_mobile":65,"has_padding":false,"image":"shopify:\/\/shop_images\/shop-by-brand1_01.png","linked_url":"shopify:\/\/collections\/all","fadeoff":false,"image_pos":"column","text":"","text_align":"text-center","text_color":"#000000","text_size":18,"text_weight":400,"border_top":false,"border_bottom":false,"border_left":false,"border_right":true,"mobile_border_top":false,"mobile_border_bottom":false,"mobile_border_left":false,"mobile_border_right":false}},"1603131762070":{"type":"image","settings":{"width":20,"width_mobile":65,"has_padding":false,"image":"shopify:\/\/shop_images\/shop-by-brand1_02.gif","linked_url":"shopify:\/\/collections\/all","fadeoff":false,"image_pos":"column","text":"","text_align":"text-center","text_color":"#000000","text_size":18,"text_weight":400,"border_top":false,"border_bottom":false,"border_left":false,"border_right":true,"mobile_border_top":false,"mobile_border_bottom":false,"mobile_border_left":false,"mobile_border_right":false}},"1603131815556":{"type":"image","settings":{"width":20,"width_mobile":65,"has_padding":false,"image":"shopify:\/\/shop_images\/shop-by-brand1_03.gif","linked_url":"shopify:\/\/collections\/all","fadeoff":false,"image_pos":"column","text":"","text_align":"text-center","text_color":"#000000","text_size":18,"text_weight":400,"border_top":false,"border_bottom":false,"border_left":false,"border_right":true,"mobile_border_top":false,"mobile_border_bottom":false,"mobile_border_left":false,"mobile_border_right":false}},"1603131857265":{"type":"image","settings":{"width":20,"width_mobile":65,"has_padding":false,"image":"shopify:\/\/shop_images\/shop-by-brand1_04.gif","linked_url":"shopify:\/\/collections\/all","fadeoff":false,"image_pos":"column","text":"","text_align":"text-center","text_color":"#000000","text_size":18,"text_weight":400,"border_top":false,"border_bottom":false,"border_left":false,"border_right":true,"mobile_border_top":false,"mobile_border_bottom":false,"mobile_border_left":false,"mobile_border_right":false}},"1603131889982":{"type":"image","settings":{"width":20,"width_mobile":65,"has_padding":false,"image":"shopify:\/\/shop_images\/shop-by-brand1_05.gif","linked_url":"shopify:\/\/collections\/all","fadeoff":false,"image_pos":"column","text":"","text_align":"text-center","text_color":"#000000","text_size":18,"text_weight":400,"border_top":false,"border_bottom":false,"border_left":false,"border_right":true,"mobile_border_top":false,"mobile_border_bottom":false,"mobile_border_left":false,"mobile_border_right":false}},"1603131941413":{"type":"image","settings":{"width":20,"width_mobile":65,"has_padding":false,"image":"shopify:\/\/shop_images\/shop-by-brand1_06.gif","linked_url":"shopify:\/\/collections\/all","fadeoff":false,"image_pos":"column","text":"","text_align":"text-center","text_color":"#000000","text_size":18,"text_weight":400,"border_top":true,"border_bottom":false,"border_left":false,"border_right":true,"mobile_border_top":false,"mobile_border_bottom":false,"mobile_border_left":false,"mobile_border_right":false}},"1603132022142":{"type":"image","settings":{"width":20,"width_mobile":65,"has_padding":false,"image":"shopify:\/\/shop_images\/shop-by-brand1_07.gif","linked_url":"shopify:\/\/collections\/all","fadeoff":false,"image_pos":"column","text":"","text_align":"text-center","text_color":"#000000","text_size":18,"text_weight":400,"border_top":true,"border_bottom":false,"border_left":false,"border_right":true,"mobile_border_top":false,"mobile_border_bottom":false,"mobile_border_left":false,"mobile_border_right":false}},"1603132068025":{"type":"image","settings":{"width":20,"width_mobile":65,"has_padding":false,"image":"shopify:\/\/shop_images\/shop-by-brand1_08.gif","linked_url":"shopify:\/\/collections\/all","fadeoff":false,"image_pos":"column","text":"","text_align":"text-center","text_color":"#000000","text_size":18,"text_weight":400,"border_top":true,"border_bottom":false,"border_left":false,"border_right":true,"mobile_border_top":false,"mobile_border_bottom":false,"mobile_border_left":false,"mobile_border_right":false}},"1603132107567":{"type":"image","settings":{"width":20,"width_mobile":65,"has_padding":false,"image":"shopify:\/\/shop_images\/shop-by-brand1_09.gif","linked_url":"shopify:\/\/collections\/all","fadeoff":false,"image_pos":"column","text":"","text_align":"text-center","text_color":"#000000","text_size":18,"text_weight":400,"border_top":true,"border_bottom":false,"border_left":false,"border_right":true,"mobile_border_top":false,"mobile_border_bottom":false,"mobile_border_left":false,"mobile_border_right":false}},"1603132137317":{"type":"image","settings":{"width":20,"width_mobile":65,"has_padding":false,"image":"shopify:\/\/shop_images\/shop-by-brand1_10.gif","linked_url":"shopify:\/\/collections\/all","fadeoff":false,"image_pos":"column","text":"","text_align":"text-center","text_color":"#000000","text_size":18,"text_weight":400,"border_top":true,"border_bottom":false,"border_left":false,"border_right":true,"mobile_border_top":false,"mobile_border_bottom":false,"mobile_border_left":false,"mobile_border_right":false}},"1603132234597":{"type":"spacing","settings":{"width":100,"width_mobile":0,"height":50,"mobile_height":30,"color_bg":"rgba(0,0,0,0)","line_thick":0,"line_width":100,"color_line":"#e6e7e8","line_align":"center"}}},"block_order":["1603131683092","1603131762070","1603131815556","1603131857265","1603131889982","1603131941413","1603132022142","1603132068025","1603132107567","1603132137317","1603132234597"],"settings":{"title":"SHOP BY BRAND","heading_hide":false,"heading_underline":false,"underline_color":"#3a3a3a","heading_center":true,"heading_fontsize":27,"heading_button":"","heading_button_url":"shopify:\/\/collections\/all","has_container":true,"has_padding":false,"color_bg":"rgba(0,0,0,0)","pattern":0,"color_pattern":"#b9b9b9","center_content":false,"has_padding_smallscreen":false,"hori_scroll_mobile":true}},"1603440590395":{"type":"creative-builder","blocks":{"1603440625702":{"type":"spacing","settings":{"width":100,"width_mobile":0,"height":50,"mobile_height":30,"color_bg":"rgba(0,0,0,0)","line_thick":0,"line_width":100,"color_line":"#e6e7e8","line_align":"center"}}},"block_order":["1603440625702"],"settings":{"title":"Spacing","heading_hide":true,"heading_underline":false,"underline_color":"#3a3a3a","heading_center":true,"heading_fontsize":27,"heading_button":"","heading_button_url":"shopify:\/\/collections\/all","has_container":true,"has_padding":false,"color_bg":"rgba(0,0,0,0)","pattern":0,"color_pattern":"#b9b9b9","center_content":false,"has_padding_smallscreen":false,"hori_scroll_mobile":false}}},"order":["1600746143555","1601007560458","1601222784442","1601371831722","1602822808304","1602841692046","1601873865690","1602374849401","1603440590395","1603049419308","1603049925544","1603050597955","1603053446548","1603131622992","1603051214649","1603051453945","1602373899330"]}