[{"name":"theme_info","theme_name":"Fastor","theme_author":"RoarTheme","theme_version":"5.0.6","theme_documentation_url":"https:\/\/docs.roarapi.com\/shopify\/fastor","theme_support_url":"https:\/\/roartheme.ticksy.com\/"},{"name":"License activation","settings":[{"type":"text","id":"purchase_code","label":"Please click SAVE after put purchase code on this setting","info":"[How to get it](https:\/\/help.market.envato.com\/hc\/en-us\/articles\/202822600-Where-Is-My-Purchase-Code)"}]},{"name":"Search","settings":[{"type":"header","content":"Product suggestions"},{"type":"checkbox","id":"predictive_search_enabled","label":"Enable product suggestions","info":"This will also affect the search bar on the search results page.","default":false},{"type":"checkbox","id":"predictive_search_show_vendor","label":"Show vendor","default":false},{"type":"checkbox","id":"predictive_search_show_price","label":"Show price","default":true}]},{"name":"Logo and Favicon","settings":[{"type":"header","content":"Logo Image"},{"type":"image_picker","id":"main_logo"},{"type":"range","id":"logo_max_width","label":"Max width","min":100,"max":300,"step":5,"unit":"px","default":150},{"type":"range","id":"mobile_logo_max_width","label":"Max width on mobile","min":100,"max":300,"step":5,"unit":"px","default":100},{"type":"header","content":"Favicon (Normal Screen)"},{"type":"checkbox","id":"favicon","label":"Enabled"},{"type":"image","id":"favicon.png","max-width":16,"max-height":16,"label":"Upload 16x16 pixels PNG Image"},{"type":"header","content":"Favicon (Other Screens)"},{"type":"checkbox","id":"iphone_icon","label":"Apple iPhone (57x57 pixels)"},{"type":"image","id":"iphone_icon.png","max-width":57,"max-height":57},{"type":"checkbox","id":"iphone_icon_retina","label":"Apple iPhone Retina (114x114 pixels)"},{"type":"image","id":"iphone_icon_retina.png","max-width":114,"max-height":114},{"type":"checkbox","id":"ipad_icon","label":"Apple iPad Icon (72x72 pixels)"},{"type":"image","id":"ipad_icon.png","max-width":72,"max-height":72},{"type":"checkbox","id":"ipad_icon_retina","label":"Apple iPad Retina (144x144 pixels)"},{"type":"image","id":"ipad_icon_retina.png","max-width":144,"max-height":144}]},{"name":"Layout","settings":[{"type":"header","content":"General"},{"type":"select","id":"page_direction","label":"Page Direction","options":[{"value":"LTR","label":"Left To Right"},{"value":"RTL","label":"Right To Left"}]}]},{"name":"Typography","settings":[{"type":"header","content":"Headings"},{"type":"font_picker","id":"type_header_font","label":"Font","default":"work_sans_n6"},{"type":"range","id":"type_header_base_size","label":"Base size","default":26,"min":20,"max":36,"step":1,"unit":"px"},{"type":"header","content":"Body text"},{"type":"font_picker","id":"type_body_font","label":"Font","default":"work_sans_n4"},{"type":"range","id":"type_body_base_size","label":"Base size","default":16,"min":14,"max":20,"step":1,"unit":"px"},{"type":"header","content":"Special text"},{"type":"font_picker","id":"type_special_font","label":"Font","default":"alfie_n4"},{"type":"range","id":"type_special_base_size","label":"Base size","default":16,"min":14,"max":20,"step":1,"unit":"px"}]},{"name":"Fonts","settings":[{"type":"header","content":"Price"},{"type":"range","id":"fontweight_price","label":"Font Weight","min":100,"max":900,"step":100,"default":400},{"type":"header","content":"General Headings"},{"type":"range","id":"fontweight_general_header","label":"Font Weight","min":100,"max":900,"step":100,"default":400},{"type":"header","content":"Menu Item"},{"type":"range","id":"fontweight_menuitem","label":"Font Weight","min":100,"max":900,"step":100,"default":400},{"type":"header","content":"Vertical Menu Item"},{"type":"range","id":"fontweight_vertical_menuitem","label":"Font Weight","min":100,"max":900,"step":100,"default":400},{"type":"header","content":"Product Badges"},{"type":"range","id":"fontweight_badge","label":"Font Weight","min":100,"max":900,"step":100,"default":400}]},{"name":"Colors","settings":[{"type":"header","content":"Text"},{"type":"color","id":"color_link_text","label":"Headings and links","default":"#3a3a3a"},{"type":"color","id":"color_body_text","label":"Body text","default":"#333232"},{"type":"color","id":"color_price_text","label":"Price","default":"#333232"},{"type":"color","id":"color_price_sale_text","label":"Sale price","default":"#EA0606"},{"type":"header","content":"Buttons"},{"type":"color","id":"color_button","label":"Primary buttons","default":"#3a3a3a"},{"type":"color","id":"color_button_text","label":"Primary labels","default":"#ffffff"},{"type":"color","id":"color_small_button_text_border","label":"Secondary labels and borders","default":"#3a3a3a"},{"type":"header","content":"Form fields"},{"type":"color","id":"color_text_field_text","label":"Text","default":"#000000"},{"type":"color","id":"color_text_field_border","label":"Borders","default":"#cccccc"},{"type":"color","id":"color_text_field","label":"Background","default":"#ffffff"},{"type":"header","content":"Page"},{"type":"color","id":"color_borders","label":"Borders and lines","default":"#ebebeb"},{"type":"color","id":"color_body_bg","label":"Body background","default":"#ffffff"},{"type":"header","content":"General label"},{"type":"color","id":"color_label_general","label":"Text","default":"#ffffff"},{"type":"color","id":"color_label_general_bg","label":"Background","default":"#1349b2"},{"type":"header","content":"Sale label"},{"type":"color","id":"color_label_sale","label":"Text","default":"#ffffff"},{"type":"color","id":"color_label_sale_bg","label":"Background","default":"#ea0606"},{"type":"header","content":"New label"},{"type":"color","id":"color_label_new","label":"Text","default":"#ffffff"},{"type":"color","id":"color_label_new_bg","label":"Background","default":"#1349b2"},{"type":"header","content":"Rating star"},{"type":"color","id":"color_ratingstar_checked","label":"Checked","default":"#d91320"},{"type":"color","id":"color_ratingstar_unchecked","label":"Unchecked","default":"#cccccc"},{"type":"header","content":"Breadcrumb"},{"type":"color","id":"breadcrumb_background_color","label":"Background","default":"#f2f2f2"},{"type":"color","id":"breadcrumb_links_color","label":"Links","default":"#9e9e9e"},{"type":"color","id":"breadcrumb_border_color","label":"Borders","default":"#fff"},{"type":"header","content":"Mobile bottom menu"},{"type":"color","id":"mb_toolbar_color","label":"Icon","default":"#fff"},{"type":"color","id":"mb_toolbar_bg","label":"Background","default":"#000"},{"type":"color","id":"mb_toolbar_cart_color","label":"Cart count","default":"#fff"},{"type":"color","id":"mb_toolbar_cart_bg","label":"Cart count background","default":"#d9121f"}]},{"name":"Currencies & Languages","settings":[{"type":"header","content":"Currency Switcher"},{"type":"paragraph","content":"Please note that, Shopify always proceeds orders according to your shop's currency no matter what currency is displayed."},{"type":"checkbox","id":"multiple_currencies_used","label":"Enabled","default":true},{"type":"checkbox","id":"currency_flag","label":"Show currency flag","default":true},{"type":"checkbox","id":"currency_auto_switch","label":"Auto currency based on location","info":"The currency will automatically change based on your shopper's location.","default":true},{"type":"checkbox","id":"builtin_multi_currencies","label":"Enable built-in multiple currencies","info":"If disabled, multiple currencies with Shopify Payments will be used.","default":false},{"type":"header","content":"Built-in multiple currencies"},{"type":"select","id":"currency_format","label":"Format","options":[{"value":"money_format","label":"Without currency ($10.00)"},{"value":"money_with_currency_format","label":"With currency ($10.00 CAD)"}],"default":"money_with_currency_format"},{"type":"text","id":"currency_supported","label":"Supported currencies","default":"INR GBP CAD USD AUD EUR JPY","info":"Use the country's ISO [currency code](http:\/\/www.xe.com\/iso4217.php). Separate your currency codes with a space."},{"type":"text","id":"currency_default","label":"Default currency","default":"USD"},{"type":"header","content":"Language Switcher"},{"type":"checkbox","id":"show_languages","label":"Enabled","default":false},{"type":"paragraph","content":"This requires [RoarTheme Weketing](https:\/\/wiki.roarapi.com\/weketing) to be installed beforehand."}]},{"name":"Collection Page","settings":[{"type":"header","content":"General"},{"type":"select","id":"collection_list_grid","label":"Listing type","options":[{"value":"0","label":"List"},{"value":"1","label":"Grid"}],"default":"1"},{"type":"select","id":"collection_limit","label":"Products per page","options":[{"value":"8","label":"8"},{"value":"12","label":"12"},{"value":"24","label":"24"},{"value":"36","label":"36"},{"value":"48","label":"48"}],"default":"12"},{"type":"range","id":"collection_product_per_pow2","label":"Product items per row","min":2,"max":6,"step":1,"default":3},{"type":"select","id":"shop_pagination","label":"Shop pagination","options":[{"value":"","label":"Numeric type"},{"value":"1","label":"Click to load"},{"value":"2","label":"Auto load"}],"default":"2"},{"type":"header","content":"Sidebar"},{"type":"select","id":"sb_collection_placement","label":"Placement","info":"Please note that disabling Sidebar will also turn off the Product Filters","options":[{"value":"","label":"Disabled"},{"value":"left","label":"Left"},{"value":"right","label":"Right"}],"default":"left"},{"type":"checkbox","id":"sb_collection_mobile","label":"Hide on Mobile","default":false},{"type":"header","content":"Sidebar - Collections"},{"type":"checkbox","id":"sb_collection_all","label":"Enabled","default":true},{"type":"text","id":"sb_collection_all_heading","label":"Heading","default":"CATEGORIES"},{"type":"link_list","id":"sb_collection_all_linklist","label":"Choose a Linklist"},{"type":"header","content":"Sidebar - Featured products"},{"type":"checkbox","id":"sb_collection_product","label":"Enable","default":false},{"type":"text","id":"sb_collection_product_heading","label":"Heading","default":"FEATURED"},{"type":"collection","id":"sb_collection_product_collection","label":"Choose a Collection"},{"type":"range","id":"sb_collection_product_limit","label":"Limit","min":1,"max":8,"step":1,"default":2},{"type":"header","content":"Sidebar - Linklist"},{"type":"checkbox","id":"sb_collection_linklist","label":"Enable","default":false},{"type":"text","id":"sb_collection_linklist_heading","label":"Heading","default":"LINKLIST"},{"type":"link_list","id":"sb_collection_linklist_list","label":"Choose a Linklist"},{"type":"header","content":"Sidebar - Custom HTML"},{"type":"checkbox","id":"sb_collection_html","label":"Enable","default":false},{"type":"text","id":"sb_collection_html_heading","label":"Heading","default":"YOUR HEADING"},{"type":"textarea","id":"sb_collection_html_content","label":"HTML content","default":"Your texts go here"}]},{"name":"Product Filters","settings":[{"type":"select","id":"collection_filtering_type","label":"Collection filter","options":[{"value":"tags","label":"Tags"},{"value":"product_options","label":"Product options"}],"default":"product_options"},{"type":"header","content":"Filter with product options"},{"type":"checkbox","id":"filter_swatch_color","label":"Show swatch color","default":true},{"type":"paragraph","content":"1. Please note that Product Filters is enabled only when Sidebar is turned on."},{"type":"paragraph","content":"2. The settings of FILTER#1 and FILTER#2 are just samples, please adjust them to appropriate values for your store."},{"type":"paragraph","content":"3. To match a filter value to a product, just go to the product via admin and set the value as a tag of the product."},{"type":"header","content":"General"},{"type":"checkbox","id":"collection_filtering","label":"Enabled","default":true},{"type":"text","id":"collection_filtering_heading","label":"Heading","default":"FILTERS"},{"type":"header","content":"Filter #1"},{"type":"checkbox","id":"filtering_1","label":"Enabled","default":true},{"type":"checkbox","id":"multi_choice_1","label":"Allow multiple choices","default":true},{"type":"text","id":"filtering_heading_1","label":"Heading","default":"Color"},{"type":"textarea","id":"filtering_filters_1","label":"Values","info":"Separate each value by a comma.","default":"Black,White,Red,Blue"},{"type":"header","content":"Filter #2"},{"type":"checkbox","id":"filtering_2","label":"Enabled"},{"type":"checkbox","id":"multi_choice_2","label":"Multiple choices"},{"type":"text","id":"filtering_heading_2","label":"Heading","default":"Size"},{"type":"textarea","id":"filtering_filters_2","label":"Values","info":"Separate each value by a comma.","default":"S,M,L,XL"},{"type":"header","content":"Filter #3"},{"type":"checkbox","id":"filtering_3","label":"Enabled","default":false},{"type":"checkbox","id":"multi_choice_3","label":"Multiple choices"},{"type":"text","id":"filtering_heading_3","label":"Heading"},{"type":"textarea","id":"filtering_filters_3","label":"Values","info":"Separate each value by a comma."},{"type":"header","content":"Filter #4"},{"type":"checkbox","id":"filtering_4","label":"Enabled","default":false},{"type":"checkbox","id":"multi_choice_4","label":"Multiple choices"},{"type":"text","id":"filtering_heading_4","label":"Heading"},{"type":"textarea","id":"filtering_filters_4","label":"Values","info":"Separate each value by a comma."},{"type":"header","content":"Filter #5"},{"type":"checkbox","id":"filtering_5","label":"Enabled","default":false},{"type":"checkbox","id":"multi_choice_5","label":"Multiple choices"},{"type":"text","id":"filtering_heading_5","label":"Heading"},{"type":"textarea","id":"filtering_filters_5","label":"Values","info":"Separate each value by a comma."},{"type":"header","content":"Filter #6"},{"type":"checkbox","id":"filtering_6","label":"Enabled","default":false},{"type":"checkbox","id":"multi_choice_6","label":"Multiple choices"},{"type":"text","id":"filtering_heading_6","label":"Heading"},{"type":"textarea","id":"filtering_filters_6","label":"Values","info":"Separate each value by a comma."},{"type":"header","content":"Filter #7"},{"type":"checkbox","id":"filtering_7","label":"Enabled","default":false},{"type":"checkbox","id":"multi_choice_7","label":"Multiple choices"},{"type":"text","id":"filtering_heading_7","label":"Heading"},{"type":"textarea","id":"filtering_filters_7","label":"Values","info":"Separate each value by a comma."},{"type":"header","content":"Filter #8"},{"type":"checkbox","id":"filtering_8","label":"Enabled","default":false},{"type":"checkbox","id":"multi_choice_8","label":"Multiple choices"},{"type":"text","id":"filtering_heading_8","label":"Heading"},{"type":"textarea","id":"filtering_filters_8","label":"Values","info":"Separate each value by a comma."},{"type":"header","content":"Filter #9"},{"type":"checkbox","id":"filtering_9","label":"Enabled","default":false},{"type":"checkbox","id":"multi_choice_9","label":"Multiple choices"},{"type":"text","id":"filtering_heading_9","label":"Heading"},{"type":"textarea","id":"filtering_filters_9","label":"Values","info":"Separate each value by a comma."},{"type":"header","content":"Filter #10"},{"type":"checkbox","id":"filtering_10","label":"Enabled","default":false},{"type":"checkbox","id":"multi_choice_10","label":"Multiple choices"},{"type":"text","id":"filtering_heading_10","label":"Heading"},{"type":"textarea","id":"filtering_filters_10","label":"Values","info":"Separate each value by a comma."}]},{"name":"Product Settings","settings":[{"type":"header","content":"Product Item"},{"type":"select","id":"product_item_image_ratio","label":"Product item image ratio","info":"It's highly recommended that [all product photos should be the same size.](https:\/\/help.shopify.com\/manual\/productivity-tools\/image-editor#image-aspect-ratio)","options":[{"value":"1","label":"Square 1:1"},{"value":"3\/4","label":"Portrait 3:4"},{"value":"2\/3","label":"Portrait 2:3"},{"value":"4\/3","label":"Landscape 4:3"},{"value":"3\/2","label":"Landscape 3:2"}],"default":"3\/4"},{"type":"header","content":"Sale badge"},{"type":"select","id":"product_sale_badge","label":"Sale badge type","default":"1","options":[{"value":"","label":"Disabled"},{"value":"0","label":"Text"},{"value":"1","label":"Sale percent"}]},{"type":"header","content":"New badge"},{"type":"checkbox","id":"product_new_badge","label":"Enabled","info":"Please set tag 'latest' to the product to enable this badge","default":true},{"type":"header","content":"Color Swatch"},{"type":"checkbox","id":"product_swatch_color","label":"Enabled"},{"type":"checkbox","id":"product_swatch_color_item","label":"Enable for product item"},{"type":"checkbox","id":"product_swatch_color_advanced","label":"Enable 'Advanced Color Swatch'"},{"type":"header","content":"Size Swatch"},{"type":"checkbox","id":"product_swatch_size","label":"Enabled"},{"type":"header","content":"Products grid item"},{"type":"select","id":"product_img_fx","label":"Image hover effect","options":[{"value":"0","label":"None"},{"value":"1","label":"Swap"},{"value":"2","label":"Zoom"}]},{"type":"checkbox","id":"product_quickview_show","label":"Show 'Quick View'"},{"type":"checkbox","id":"product_compare_show","label":"Show 'Compare'","default":true},{"type":"checkbox","id":"product_wishlist_show","label":"Show 'Wishlist'"},{"type":"checkbox","id":"product_countdown_show","label":"Show 'Countdown'"}]},{"name":"Product Page","settings":[{"type":"header","content":"Layout"},{"type":"select","id":"product_design","label":"Style","options":[{"value":"left","label":"Thumbnails Left"},{"value":"bottom","label":"Thumbnails Bottom"},{"value":"gallery","label":"Image Gallery"},{"value":"full-screen","label":"Image Fullscreen"},{"value":"carousel","label":"Image Carousel"},{"value":"scroll","label":"Sticky Info"},{"value":"sidebar","label":"Sidebar"},{"value":"compact2","label":"Compact Style"},{"value":"split","label":"Split Info"},{"value":"simple","label":"Simple"},{"value":"upsell","label":"Upsell"}],"default":"bottom"},{"type":"select","id":"product_img_width","label":"Main image width","options":[{"value":"4","label":"Around 30%"},{"value":"5","label":"Around 40%"},{"value":"6","label":"50%"},{"value":"7","label":"Around 60%"}],"default":"7","info":"This setting is available for 'Thumbnails Left' and 'Thumbnails Bottom' styles only."},{"type":"select","id":"sticky_cart","label":"Sticky add to cart","options":[{"value":"","label":"Disabled"},{"value":"top","label":"Top"},{"value":"bottom","label":"Bottom"}],"default":"bottom"},{"type":"select","id":"products_nav_type","label":"Products navigation","info":"Please note that the navigation is visible only when product is accessed from a collection page","options":[{"value":"2","label":"Disabled"},{"value":"0","label":"With info"}],"default":"2"},{"type":"header","content":"Product properties"},{"type":"checkbox","id":"product_info_status","label":"Show stock","default":false},{"type":"checkbox","id":"product_info_sku","label":"Show SKU","default":false},{"type":"checkbox","id":"product_info_brand","label":"Show brand","default":false},{"type":"header","content":"Size chart"},{"type":"checkbox","id":"product_size_chart","label":"Enabled"},{"type":"page","id":"product_size_chart_page","label":"Content page"},{"type":"header","content":"Utilities"},{"type":"checkbox","id":"price_range","label":"Show Price Range"},{"type":"checkbox","id":"product_shipping_info","label":"Display Shipping Info","default":true},{"type":"checkbox","id":"product_question","label":"Enable 'Ask For This Product'"},{"type":"checkbox","id":"product_social_share","label":"Display Social Share"},{"type":"checkbox","id":"variant_image_grouped","label":"Enable 'Grouped Variant Images'","default":false},{"type":"checkbox","id":"dynamic_checkout","label":"Enable 'Dynamic Checkout'"},{"type":"header","content":"Images"},{"type":"select","id":"product_gallery_zoom","label":"Gallery zoom","options":[{"value":"","label":"Disable"},{"value":"1","label":"Enable"}],"default":"1"},{"type":"select","id":"product_lightbox","label":"Images lightbox","options":[{"value":"","label":"Disable"},{"value":"1","label":"Enable"}],"default":"1"},{"type":"header","content":"Sidebar"},{"type":"paragraph","content":"Please note that the sidebar is only available when you choose 'Sidebar' in the 'Style' setting above."},{"type":"select","id":"product_sidebar","label":"Sidebar position","options":[{"value":"","label":"None"},{"value":"left","label":"Left"},{"value":"right","label":"Right"}]},{"type":"header","content":"Custom Tabs"},{"type":"paragraph","content":"1. This theme supports up to 4 custom tabs. Here you can setup the title and content for each one."},{"type":"paragraph","content":"2. To setup the content for a tab, first you need to create a page via 'Pages' section in your admin, then choose the page in the 'Tab Content' settings below. The content of the tab is the page's content"},{"type":"paragraph","content":"3. Please note that when enabled, a custom tab will be applied for all products."},{"type":"header","content":"Custom Tab #1"},{"type":"text","id":"product_tab_title_1","label":"Tab 1 - Title","default":"Custom Tab"},{"type":"page","id":"product_tab_content_1","label":"Tab 1 - Content","info":"If no page is selected, the tab will be disabled."},{"type":"header","content":"Custom Tab #2"},{"type":"text","id":"product_tab_title_2","label":"Tab 2 - Title","default":"Custom Tab"},{"type":"page","id":"product_tab_content_2","label":"Tab 2 - Content","info":"If no page is selected, the tab will be disabled."},{"type":"header","content":"Custom Tab #3"},{"type":"text","id":"product_tab_title_3","label":"Tab 3 - Title","default":"Custom Tab"},{"type":"page","id":"product_tab_content_3","label":"Tab 3 - Content","info":"If no page is selected, the tab will be disabled."},{"type":"header","content":"Custom Tab #4"},{"type":"text","id":"product_tab_title_4","label":"Tab 4 - Title","default":"Custom Tab"},{"type":"page","id":"product_tab_content_4","label":"Tab 4 - Content","info":"If no page is selected, the tab will be disabled."}]},{"name":"Upsell Settings","settings":[{"type":"header","content":"Product badge"},{"type":"paragraph","content":"This will add a label with your custom text (setting below) on the main image in product page. This setting affects all of your products."},{"type":"checkbox","id":"upsell_badge_enabled","label":"Enabled","default":false},{"type":"text","id":"upsell_badge","label":"Custom text","default":"20% CODE: FALLSALE"},{"type":"header","content":"More items"},{"type":"paragraph","content":"1. This function displays a widget with products that are in the same 'set' with the current product."},{"type":"paragraph","content":"2. This function is only for 'Upsell' layout style. You can find this in 'Product Page' settings."},{"type":"paragraph","content":"3. This widget is enabled only when your current product is also in the products 'set'."},{"type":"paragraph","content":"4. To setup the 'set', please create a menu via 'Navigation' in your admin. Each item of the menu has to link to a product."},{"type":"text","id":"product_mitems_heading","label":"Heading","default":"MORE LIKE THIS"},{"type":"link_list","id":"product_mitems_linklist","label":"Choose a products set"},{"type":"header","content":"Frequently bought together"},{"type":"paragraph","content":"1. This function displays a widget with 'total amount' of products that are in the same 'set' with the current product."},{"type":"paragraph","content":"2. To setup the 'set', please create a menu via 'Navigation' in your admin. Each item of the menu has to link to a product."},{"type":"paragraph","content":"3. This widget is enabled only when your current product is also in the products 'set'."},{"type":"text","id":"product_grouped_heading","label":"Heading","default":"FREQUENTLY BOUGHT TOGETHER"},{"type":"link_list","id":"product_grouped","label":"Choose a products set"},{"type":"header","content":"Upsell Products"},{"type":"checkbox","id":"product_bottom_upsell","label":"Enabled"},{"type":"text","id":"product_bottom_upsell_heading","label":"Heading","default":"UPSELL PRODUCTS"},{"type":"collection","id":"product_bottom_upsell_collection","label":"Choose a collection"},{"type":"range","id":"product_bottom_upsell_limit","label":"Limit","min":4,"max":20,"step":1,"default":8},{"type":"header","content":"Product Recommendations"},{"type":"checkbox","id":"product_bottom_recommendations","label":"Enabled"},{"type":"text","id":"product_bottom_recommendations_heading","label":"Heading","default":"PRODUCT RECOMMENDATIONS"},{"type":"range","id":"product_bottom_recommendations_limit","label":"Limit","min":4,"max":20,"step":1,"default":8}]},{"name":"Product Bottom Area","settings":[{"type":"header","content":"Bottom banner"},{"type":"checkbox","id":"product_bottom_banner","label":"Enabled","default":false,"info":"This will add a 'Creative Builder' widget at the bottom of the product page."},{"type":"header","content":"Custom HTML"},{"type":"checkbox","id":"product_bottom_html","label":"Enabled"},{"type":"textarea","id":"product_bottom_html_content","label":"Content"},{"type":"header","content":"Related Products"},{"type":"checkbox","id":"product_bottom_related","label":"Enabled"},{"type":"text","id":"product_bottom_related_heading","label":"Heading","default":"RELATED PRODUCTS"},{"type":"range","id":"product_bottom_related_limit","label":"Limit","min":4,"max":20,"step":1,"default":5},{"type":"header","content":"Viewed Products"},{"type":"checkbox","id":"product_bottom_viewed","label":"Enabled"},{"type":"text","id":"product_bottom_viewed_heading","label":"Heading","default":"VIEWED PRODUCTS"},{"type":"range","id":"product_bottom_viewed_limit","label":"Limit","min":4,"max":20,"step":1,"default":5}]},{"name":"Cart","settings":[{"type":"header","content":"Terms and conditions"},{"type":"checkbox","id":"cart_terms_enable","label":"Enable terms and conditions","default":true},{"type":"page","id":"cart_terms_page","label":"Terms and conditions page"},{"type":"header","content":"Cart behavior"},{"type":"select","id":"shopping_cart_type","label":"After clicking 'Add to cart' button","options":[{"value":"direct","label":"Direct to cart page"},{"value":"ajax_notify","label":"Display notification"},{"value":"ajax_popup","label":"Open a popup"},{"value":"sidebar","label":"Open cart sidebar"}],"default":"ajax_popup"},{"type":"header","content":"Cart Sidebar"},{"type":"html","id":"cart_sidebar_text","label":"Cart text"},{"type":"image_picker","id":"cart_sidebar_image","label":"'Trust sale' image"},{"type":"header","content":"Shipping Rates Calculator"},{"type":"select","id":"shipping_calculator","label":"Enable","options":[{"value":"","label":"No"},{"value":"yes","label":"Yes"}],"default":"yes"},{"type":"text","id":"shipping_calculator_default_country","label":"Default country","default":"United States"},{"type":"paragraph","content":"If customer is logged-in, the country in his default shipping address will be selected. If you are not sure about the name format, please refer the first page of the checkout process."}]},{"name":"Account Page","settings":[{"type":"header","content":"Sidebar"},{"type":"select","id":"sb_account_placement","label":"Placement","options":[{"value":"","label":"Disabled"},{"value":"left","label":"Left"},{"value":"right","label":"Right"}],"default":"right"},{"type":"checkbox","id":"sb_account_mobile","label":"Hide on mobile","default":true},{"type":"header","content":"Link list"},{"type":"checkbox","id":"sb_account_linklist","label":"Enabled","default":false},{"type":"link_list","id":"sb_account_linklist_list","label":"Choose a linklist"},{"type":"header","content":"Banner Image"},{"type":"checkbox","id":"sb_account_banner","label":"Enabled","default":false},{"type":"image_picker","id":"sb_account_banner_img","label":"Choose an image"},{"type":"url","id":"sb_account_banner_link","label":"Banner URL"}]},{"name":"Blog","settings":[{"type":"header","content":"General"},{"type":"range","id":"blog_pagination_limit","label":"Articles per page","min":4,"max":20,"step":1,"default":12},{"type":"select","id":"blog_pagination_type","label":"Pagination type","options":[{"value":"1","label":"Numeric"},{"value":"2","label":"Auto loading"}],"default":"1"},{"type":"header","content":"Sidebar"},{"type":"select","id":"sb_blog_placement","label":"Placement","options":[{"value":"","label":"Disable"},{"value":"left","label":"Left"},{"value":"right","label":"Right"}],"default":"right"},{"type":"checkbox","id":"sb_blog_mobile","label":"Hide on mobile","default":true},{"type":"header","content":"Sidebar - Link list"},{"type":"checkbox","id":"sb_blog_linklist","label":"Enabled","default":false},{"type":"text","id":"sb_blog_linklist_heading","label":"Heading","default":"CATEGORIES"},{"type":"link_list","id":"sb_blog_linklist_list","label":"Choose a linklist"},{"type":"header","content":"Sidebar - Recent articles"},{"type":"checkbox","id":"sb_blog_recent","label":"Enabled","default":false},{"type":"text","id":"sb_blog_recent_heading","label":"Heading","default":"RECENT POSTS"},{"type":"range","id":"sb_blog_recent_limit","label":"Limit","min":3,"max":12,"step":1,"default":3},{"type":"header","content":"Sidebar - Tags"},{"type":"checkbox","id":"sb_blog_tag","label":"Enabled","default":true},{"type":"text","id":"sb_blog_tag_heading","label":"Heading","default":"POPULAR TAGS"},{"type":"header","content":"Sidebar - Custom HTML"},{"type":"checkbox","id":"sb_blog_html","label":"Enabled","default":false},{"type":"text","id":"sb_blog_html_heading","label":"Heading"},{"type":"textarea","id":"sb_blog_html_content","label":"Content"}]},{"name":"Contact Page","settings":[{"type":"header","content":"Google Maps"},{"type":"text","id":"ggm_api_key","label":"API key"},{"type":"textarea","id":"contact_map_address","label":"Address"},{"type":"range","id":"contact_map_height","label":"Height","min":100,"max":900,"step":20,"unit":"px","default":400},{"type":"header","content":"Contact Info"},{"type":"checkbox","id":"contact_logo","label":"Custom logo","default":false},{"type":"image_picker","id":"contact_logo_img","label":"Choose a logo"},{"type":"text","id":"contact_address","label":"Address"},{"type":"text","id":"contact_phone","label":"Phone"},{"type":"text","id":"contact_email","label":"Email"},{"type":"checkbox","id":"contact_social","label":"Display social icons","default":true}]},{"name":"Social Settings","settings":[{"type":"header","content":"Facebook Fanpage"},{"type":"html","id":"social_facebook_iframe","label":"Iframe content"},{"type":"header","content":"Twitter"},{"type":"text","id":"social_twitter_username","label":"Username"},{"type":"range","id":"social_twitter_height","label":"Height","min":100,"max":500,"step":50,"unit":"px","default":250},{"type":"header","content":"Fixed Social Bar"},{"type":"select","id":"social_widget_position","label":"Position","options":[{"value":"right","label":"Right"},{"value":"left","label":"Left"}],"default":"right"},{"type":"checkbox","id":"social_facebook","label":"Show 'Facebook'","default":false},{"type":"checkbox","id":"social_twitter","label":"Show 'Twitter'","default":false},{"type":"checkbox","id":"scroll_top","label":"Show 'Scroll To Top' button","default":false},{"type":"header","content":"Social Links"},{"type":"text","id":"social_icon_facebook","label":"Facebook"},{"type":"text","id":"social_icon_twitter","label":"Twitter"},{"type":"text","id":"social_icon_linkedin","label":"LinkedIn"},{"type":"text","id":"social_icon_pinterest","label":"Pinterest"},{"type":"text","id":"social_icon_google-plus","label":"Google Plus"},{"type":"text","id":"social_icon_youtube-play","label":"Youtube"},{"type":"text","id":"social_icon_vimeo","label":"Vimeo"},{"type":"text","id":"social_icon_flickr","label":"Flickr"},{"type":"text","id":"social_icon_instagram","label":"Instagram"},{"type":"text","id":"social_icon_tumblr","label":"Tumblr"},{"type":"text","id":"social_icon_behance","label":"Behance"},{"type":"text","id":"social_icon_github","label":"Github"},{"type":"text","id":"social_icon_rss","label":"RSS"}]},{"name":"Extensions","settings":[{"type":"header","content":"Product compare (PC)"},{"type":"checkbox","id":"compare_enable","label":"Enable","default":true},{"type":"range","id":"compare_limit","label":"Products limit","min":2,"max":6,"step":1,"default":4},{"type":"header","content":"PC - What to compare"},{"type":"checkbox","label":"Image","id":"compare_image","default":true},{"type":"checkbox","label":"Title","id":"compare_title","default":true},{"type":"checkbox","label":"Price","id":"compare_price","default":true},{"type":"checkbox","label":"Brand","id":"compare_brand","default":true},{"type":"checkbox","label":"Availability","id":"compare_availability","default":true},{"type":"checkbox","label":"Rating","id":"compare_rating","default":true},{"type":"checkbox","label":"Summary","id":"compare_summary","default":true},{"type":"text","label":"Other product options","id":"compare_options","info":"You can also choose other options based on your products condition. Please separate each one by a comma. For example: 'Size, Color, Material' is a right format."},{"type":"header","content":"Product review"},{"type":"select","id":"reviews_enable","label":"Provider","options":[{"value":"","label":"None"},{"value":"0","label":"Product Review"},{"value":"1","label":"Ali Review"}],"default":"","info":"[Product Review](https:\/\/apps.shopify.com\/product-reviews)[Ali Reviews AliExpress Reviews](https:\/\/apps.shopify.com\/ali-reviews)"},{"type":"header","content":"Built-in wishlist"},{"type":"paragraph","content":"To enable this function, you also have to create a page via 'Pages' section in your admin, then set the 'template' for the page as 'page.wishlist'."},{"type":"checkbox","id":"wishlist_enable","label":"Enable","default":false},{"type":"page","id":"wishlist_page","label":"Wishlist page"},{"type":"checkbox","id":"wishlist_share","label":"Allow 'Sharing via Email'"},{"type":"header","content":"Cookie notification"},{"type":"checkbox","id":"cookie_enable","label":"Enabled","default":false},{"type":"textarea","id":"cookie_content","label":"Content"},{"type":"checkbox","id":"cookie_background","label":"Enable background image","default":false},{"type":"image_picker","id":"cookie_background_img","label":"Choose a background"},{"type":"select","id":"cookie_position","label":"Position","options":[{"value":"bottom","label":"Bottom"},{"value":"top","label":"Top"},{"value":"popup","label":"Popup"}],"default":"bottom"},{"type":"header","content":"MailChimp"},{"type":"checkbox","id":"popup_mailchimp_show","label":"Enable"},{"type":"checkbox","id":"popup_mailchimp_sb","label":"Hide on mobile"},{"type":"text","id":"popup_mailchimp_action","label":"Form action (URL) [( ? )](https:\/\/youtu.be\/ucj6y7Ix6gU):"},{"type":"checkbox","id":"newsletter_terms","label":"show 'Terms and Conditions'"},{"type":"page","id":"newsletter_terms_page","label":"'Terms and Conditions' page"},{"type":"select","id":"popup_mailchimp_expire","label":"Display behavior","options":[{"value":"0","label":"With 'Do Not Show Again' option"},{"value":"1","label":"Always"},{"value":"2","label":"First time only"}]},{"type":"range","id":"popup_mailchimp_period","label":"Expired days for 'Do Not Show Again'","min":1,"max":7,"step":1,"default":1},{"type":"range","id":"popup_mailchimp_delay","label":"Popup delay","unit":"ms","min":500,"max":9000,"step":500,"default":3000},{"type":"range","id":"popup_mailchimp_close","label":"Auto exit after","unit":"ms","min":0,"max":9000,"step":500,"default":0,"info":"Set 0 to disable"},{"type":"range","id":"popup_mailchimp_width","label":"Popup width","unit":"px","min":200,"max":800,"step":10,"default":740},{"type":"color","id":"popup_mailchimp_color_head","label":"Heading color","default":"#000"},{"type":"color","id":"popup_mailchimp_color_cap","label":"Caption color","default":"#000"},{"type":"color","id":"popup_mailchimp_bgc","label":"Background Color","default":"#fff"},{"type":"image_picker","id":"popup_mailchimp_bgimage","label":"Background image"},{"type":"header","content":"Age verification"},{"type":"select","id":"age_verification","label":"Enable","options":[{"label":"Yes","value":"1"},{"label":"No","value":""}],"default":""},{"type":"select","id":"enter_date_of_birth","label":"Enter Date Of Birth","options":[{"label":"Yes","value":"1"},{"label":"No","value":""}]},{"type":"range","id":"age_check","min":1,"max":100,"step":1,"label":"Age","default":18},{"type":"html","id":"heading","label":"Heading","default":"Adults only (18+)"},{"type":"html","id":"description","label":"Description","default":"This website contains adult material and is only suitable for those 18 years or older. Click Enter only if you are at least 18 years of age."},{"type":"image_picker","id":"age_check_background","label":"Background"},{"type":"header","content":"404 Page"},{"type":"image_picker","id":"error_image","label":"Error Image"}]},{"name":"Advanced Settings","settings":[{"type":"header","content":"Vertical Menu"},{"type":"checkbox","id":"header_always_show_vermenu","label":"Menu Items Always Visible in Home Page","default":false},{"type":"checkbox","id":"header_always_show_vermenu_cat","label":"Menu Items Always Visible in Collection Page","default":false}]},{"name":"Decoration","settings":[{"type":"header","content":"Seasonal Frame"},{"type":"select","id":"seasonal_frame","label":"Frame Skin","options":[{"value":"","label":"Off"},{"value":"frame1","label":"Christmas Wreath"},{"value":"frame2","label":"Christmas White Snowy"},{"value":"frame3","label":"Christmas Holly"},{"value":"frame4","label":"Christmas Ornaments"},{"value":"frame5","label":"Christmas Santa's Sack"},{"value":"frame6","label":"Christmas Iced Mistletoe"}],"default":""},{"type":"checkbox","id":"seasonal_frame_mobile","label":"Enable Frame on Mobile","default":false},{"type":"header","content":"Body Effect"},{"type":"select","id":"body_effect","label":"Effect","options":[{"value":"","label":"Off"},{"value":"snow","label":"Snow"}],"default":""},{"type":"range","id":"body_effect_dark_level","label":"Effect Dark Level","min":0,"max":1,"step":0.1,"default":0}]}]