{"sections":{"1600746143555":{"type":"creative-builder","blocks":{"1602579343339":{"type":"group-start","settings":{"width":100,"width_mobile":100,"hori_scroll_mobile":false,"is_slider":true,"slider_items":1,"slider_items_mobile":1,"slider_autoplay":false,"slider_interval":2000,"slider_arrow_pos":"cent-side"}},"1600845552904":{"type":"banner","settings":{"width":100,"width_mobile":100,"height":750,"mobile_height":230,"has_padding":false,"bg_image":"shopify:\/\/shop_images\/slide-3.png","color_bg":"#cccccc","heading":"HAT &<br>GLASSES","heading_color":"#ffffff","heading_size":100,"heading_weight":400,"heading_shadow":false,"heading_bgcolor_use":false,"heading_bgcolor":"#fff","cap":"SPECIAL PRICE","cap_color":"#000000","cap_size":60,"cap_weight":300,"cap_shadow":false,"cap_bgcolor_use":true,"cap_bgcolor":"#fff","cta_text":"SHOP NOW","linked_url":"shopify:\/\/collections\/all","modern":true,"cta_color":"#ffffff","cta_bgcolor":"#000000","cta_size":18,"cta_weight":400,"linklist":"","linklist_color":"#000000","linklist_size":13,"linklist_weight":400,"linklist_col":2,"linklist_type":"left","text_align":"text-align-left","side_padding_hori":70,"side_padding_vert":50,"border_top":false,"border_bottom":false,"border_left":false,"border_right":false,"mobile_border_top":false,"mobile_border_bottom":false,"mobile_border_left":false,"mobile_border_right":false,"title":"Banner"}},"1600844294435":{"type":"banner","settings":{"width":100,"width_mobile":100,"height":750,"mobile_height":230,"has_padding":false,"bg_image":"shopify:\/\/shop_images\/slide-1.png","color_bg":"#cccccc","heading":"NEW<br>GLAMOUR","heading_color":"#ffffff","heading_size":100,"heading_weight":400,"heading_shadow":false,"heading_bgcolor_use":false,"heading_bgcolor":"#fff","cap":"NEW YOU","cap_color":"#000000","cap_size":60,"cap_weight":300,"cap_shadow":false,"cap_bgcolor_use":true,"cap_bgcolor":"#fff","cta_text":"SHOP NOW","linked_url":"shopify:\/\/collections\/all","modern":true,"cta_color":"#ffffff","cta_bgcolor":"#000000","cta_size":18,"cta_weight":400,"linklist":"","linklist_color":"#000000","linklist_size":13,"linklist_weight":400,"linklist_col":2,"linklist_type":"left","text_align":"text-align-left","side_padding_hori":70,"side_padding_vert":50,"border_top":false,"border_bottom":false,"border_left":false,"border_right":false,"mobile_border_top":false,"mobile_border_bottom":false,"mobile_border_left":false,"mobile_border_right":false,"title":"Banner"}},"1600845107201":{"type":"banner","settings":{"width":100,"width_mobile":100,"height":750,"mobile_height":230,"has_padding":false,"bg_image":"shopify:\/\/shop_images\/slide-2.png","color_bg":"#cccccc","heading":"MEN<br>COLLECTION","heading_color":"#ffffff","heading_size":100,"heading_weight":400,"heading_shadow":false,"heading_bgcolor_use":false,"heading_bgcolor":"#fff","cap":"-20%","cap_color":"#000000","cap_size":60,"cap_weight":300,"cap_shadow":false,"cap_bgcolor_use":true,"cap_bgcolor":"#fff","cta_text":"SHOP NOW","linked_url":"shopify:\/\/collections\/all","modern":true,"cta_color":"#ffffff","cta_bgcolor":"#000000","cta_size":18,"cta_weight":400,"linklist":"","linklist_color":"#000000","linklist_size":13,"linklist_weight":400,"linklist_col":2,"linklist_type":"left","text_align":"text-align-left","side_padding_hori":70,"side_padding_vert":50,"border_top":false,"border_bottom":false,"border_left":false,"border_right":false,"mobile_border_top":false,"mobile_border_bottom":false,"mobile_border_left":false,"mobile_border_right":false,"title":"Banner"}},"1602579348138":{"type":"group-end","settings":{}}},"block_order":["1602579343339","1600845552904","1600844294435","1600845107201","1602579348138"],"settings":{"title":"Slider","heading_hide":true,"heading_underline":true,"underline_color":"#685858","heading_center":true,"has_container":false,"has_padding":false,"color_bg":"rgba(0,0,0,0)","center_content":false,"has_padding_smallscreen":false,"hori_scroll_mobile":false}},"1601007560458":{"type":"creative-builder","blocks":{"1601007578406":{"type":"banner","settings":{"width":33,"width_mobile":90,"height":360,"mobile_height":200,"has_padding":false,"bg_image":"shopify:\/\/shop_images\/Rectangle_1108-3_535e2516-a26a-4af0-ad6c-1e55e48456f3.png","color_bg":"#cccccc","heading":"MEN","heading_color":"#000000","heading_size":40,"heading_weight":300,"heading_shadow":false,"heading_bgcolor_use":true,"heading_bgcolor":"#fff","cap":"","cap_color":"#ffffff","cap_size":14,"cap_weight":400,"cap_shadow":false,"cap_bgcolor_use":false,"cap_bgcolor":"#fff","cta_text":"","linked_url":"shopify:\/\/collections\/all","modern":false,"cta_color":"#000000","cta_bgcolor":"#ffffff","cta_size":18,"cta_weight":400,"linklist":"","linklist_color":"#000000","linklist_size":13,"linklist_weight":400,"linklist_col":2,"linklist_type":"left","text_align":"text-align-center","side_padding_hori":50,"side_padding_vert":50,"border_top":false,"border_bottom":false,"border_left":false,"border_right":false,"mobile_border_top":false,"mobile_border_bottom":false,"mobile_border_left":false,"mobile_border_right":false,"title":"Banner"}},"1601007588841":{"type":"banner","settings":{"width":34,"width_mobile":90,"height":360,"mobile_height":200,"has_padding":false,"bg_image":"shopify:\/\/shop_images\/Rectangle_1108-2_ce3b88e9-9a9b-448c-95cc-edef9df52805.png","color_bg":"#cccccc","heading":"WOMEN","heading_color":"#000000","heading_size":40,"heading_weight":300,"heading_shadow":false,"heading_bgcolor_use":true,"heading_bgcolor":"#fff","cap":"","cap_color":"#ffffff","cap_size":14,"cap_weight":400,"cap_shadow":false,"cap_bgcolor_use":false,"cap_bgcolor":"#fff","cta_text":"","linked_url":"shopify:\/\/collections\/all","modern":false,"cta_color":"#000000","cta_bgcolor":"#ffffff","cta_size":18,"cta_weight":400,"linklist":"","linklist_color":"#000000","linklist_size":13,"linklist_weight":400,"linklist_col":2,"linklist_type":"left","text_align":"text-align-center","side_padding_hori":50,"side_padding_vert":50,"border_top":false,"border_bottom":false,"border_left":false,"border_right":false,"mobile_border_top":false,"mobile_border_bottom":false,"mobile_border_left":false,"mobile_border_right":false,"title":"Banner"}},"1603331823223":{"type":"banner","settings":{"width":33,"width_mobile":100,"height":360,"mobile_height":200,"has_padding":false,"bg_image":"shopify:\/\/shop_images\/Rectangle_1108_6888bdb1-4f21-4f60-8b0e-b78521f25fb9.png","color_bg":"#cccccc","heading":"ACCESSORIES","heading_color":"#000000","heading_size":40,"heading_weight":300,"heading_shadow":false,"heading_bgcolor_use":true,"heading_bgcolor":"#fff","cap":"","cap_color":"#ffffff","cap_size":14,"cap_weight":400,"cap_shadow":false,"cap_bgcolor_use":false,"cap_bgcolor":"#fff","cta_text":"","linked_url":"shopify:\/\/collections\/all","modern":false,"cta_color":"#ffffff","cta_bgcolor":"#000000","cta_size":13,"cta_weight":400,"linklist":"","linklist_color":"#000000","linklist_size":13,"linklist_weight":400,"linklist_col":2,"linklist_type":"left","text_align":"text-align-center","side_padding_hori":50,"side_padding_vert":50,"border_top":false,"border_bottom":false,"border_left":false,"border_right":false,"mobile_border_top":false,"mobile_border_bottom":false,"mobile_border_left":false,"mobile_border_right":false,"title":"Banner"}}},"block_order":["1601007578406","1601007588841","1603331823223"],"settings":{"title":"Men - Women - Accessories","heading_hide":true,"heading_underline":false,"underline_color":"#3a3a3a","heading_center":true,"has_container":false,"has_padding":false,"color_bg":"rgba(0,0,0,0)","center_content":false,"has_padding_smallscreen":false,"hori_scroll_mobile":true}},"1601371831722":{"type":"creative-builder","blocks":{"1601371892761":{"type":"tab-start","settings":{"width":100,"width_mobile":100,"heading_underline":true,"underline_color":"#3a3a3a","heading_center":true}},"1601371838874":{"type":"collection","settings":{"width":100,"width_mobile":100,"has_padding":false,"collection_id":"bestsellers","limit":8,"hori_scroll_mobile":false,"is_slider":false,"slider_items":4,"slider_items_mobile":2,"slider_arrow_pos":"cent-side","title":"PRODUCTS TAB"}},"1601385829602":{"type":"collection","settings":{"width":100,"width_mobile":100,"has_padding":false,"collection_id":"featured","limit":8,"hori_scroll_mobile":false,"is_slider":false,"slider_items":4,"slider_items_mobile":2,"slider_arrow_pos":"cent-side","title":"FEATURED"}},"1601371897822":{"type":"tab-end","settings":{}},"1603049257144":{"type":"spacing","settings":{"width":100,"width_mobile":0,"height":70,"mobile_height":20,"color_bg":"rgba(0,0,0,0)","line_thick":0,"line_width":100,"color_line":"#e6e7e8","line_align":"center"}}},"block_order":["1601371892761","1601371838874","1601385829602","1601371897822","1603049257144"],"settings":{"title":"Product tabs","heading_hide":true,"heading_underline":false,"underline_color":"#3a3a3a","heading_center":true,"has_container":true,"has_padding":false,"color_bg":"rgba(0,0,0,0)","center_content":false,"has_padding_smallscreen":true,"hori_scroll_mobile":false}},"1602373899330":{"type":"creative-builder","blocks":{"1602373911493":{"type":"image","settings":{"width":10,"width_mobile":20,"has_padding":false,"image":"shopify:\/\/shop_images\/Rectangle_949_copy_5.png","linked_url":"https:\/\/www.instagram.com\/p\/BjqwcFLA1wv\/","fadeoff":false,"image_pos":"column","text":"","text_align":"text-center","text_color":"#000000","text_size":34,"text_weight":400,"border_top":false,"border_bottom":false,"border_left":false,"border_right":false,"mobile_border_top":false,"mobile_border_bottom":false,"mobile_border_left":false,"mobile_border_right":false}},"1602780355938":{"type":"image","settings":{"width":10,"width_mobile":20,"has_padding":false,"image":"shopify:\/\/shop_images\/Rectangle_949_copy_4.png","linked_url":"https:\/\/www.instagram.com\/p\/BjqwbhHgh2U\/","fadeoff":false,"image_pos":"column","text":"","text_align":"text-center","text_color":"#000000","text_size":18,"text_weight":400,"border_top":false,"border_bottom":false,"border_left":false,"border_right":false,"mobile_border_top":false,"mobile_border_bottom":false,"mobile_border_left":false,"mobile_border_right":false}},"1602780427835":{"type":"image","settings":{"width":10,"width_mobile":20,"has_padding":false,"image":"shopify:\/\/shop_images\/Rectangle_949_copy_2.png","linked_url":"https:\/\/www.instagram.com\/p\/Bjqwbk-gOON\/","fadeoff":false,"image_pos":"column","text":"","text_align":"text-center","text_color":"#000000","text_size":18,"text_weight":400,"border_top":false,"border_bottom":false,"border_left":false,"border_right":false,"mobile_border_top":false,"mobile_border_bottom":false,"mobile_border_left":false,"mobile_border_right":false}},"1602780656547":{"type":"image","settings":{"width":10,"width_mobile":20,"has_padding":false,"image":"shopify:\/\/shop_images\/Rectangle_949_copy_3-2.png","linked_url":"https:\/\/www.instagram.com\/p\/BjqwX7XA944\/","fadeoff":false,"image_pos":"column","text":"","text_align":"text-center","text_color":"#000000","text_size":18,"text_weight":400,"border_top":false,"border_bottom":false,"border_left":false,"border_right":false,"mobile_border_top":false,"mobile_border_bottom":false,"mobile_border_left":false,"mobile_border_right":false}},"1602780698466":{"type":"image","settings":{"width":10,"width_mobile":20,"has_padding":false,"image":"shopify:\/\/shop_images\/Rectangle_949_copy_3.png","linked_url":"https:\/\/www.instagram.com\/p\/BjqwY62ABQ-\/","fadeoff":false,"image_pos":"column","text":"","text_align":"text-center","text_color":"#000000","text_size":18,"text_weight":400,"border_top":false,"border_bottom":false,"border_left":false,"border_right":false,"mobile_border_top":false,"mobile_border_bottom":false,"mobile_border_left":false,"mobile_border_right":false}},"1602780813303":{"type":"image","settings":{"width":10,"width_mobile":20,"has_padding":false,"image":"shopify:\/\/shop_images\/Rectangle_949_copy_8.png","linked_url":"https:\/\/www.instagram.com\/p\/BjqwYb5AJ1b\/","fadeoff":false,"image_pos":"column","text":"","text_align":"text-center","text_color":"#000000","text_size":18,"text_weight":400,"border_top":false,"border_bottom":false,"border_left":false,"border_right":false,"mobile_border_top":false,"mobile_border_bottom":false,"mobile_border_left":false,"mobile_border_right":false}},"1602780860691":{"type":"image","settings":{"width":10,"width_mobile":20,"has_padding":false,"image":"shopify:\/\/shop_images\/Rectangle_949_copy_7.png","linked_url":"https:\/\/www.instagram.com\/p\/BjqwUoygMZ9\/","fadeoff":false,"image_pos":"column","text":"","text_align":"text-center","text_color":"#000000","text_size":18,"text_weight":400,"border_top":false,"border_bottom":false,"border_left":false,"border_right":false,"mobile_border_top":false,"mobile_border_bottom":false,"mobile_border_left":false,"mobile_border_right":false}},"1602780935149":{"type":"image","settings":{"width":10,"width_mobile":20,"has_padding":false,"image":"shopify:\/\/shop_images\/Rectangle_949_copy_6.png","linked_url":"https:\/\/www.instagram.com\/p\/BjqwHceg4ub\/","fadeoff":false,"image_pos":"column","text":"","text_align":"text-center","text_color":"#000000","text_size":18,"text_weight":400,"border_top":false,"border_bottom":false,"border_left":false,"border_right":false,"mobile_border_top":false,"mobile_border_bottom":false,"mobile_border_left":false,"mobile_border_right":false}},"1602781102322":{"type":"image","settings":{"width":10,"width_mobile":20,"has_padding":false,"image":"shopify:\/\/shop_images\/Rectangle_949_copy_5.png","linked_url":"https:\/\/www.instagram.com\/p\/BjqwFVwAaQU\/","fadeoff":false,"image_pos":"column","text":"","text_align":"text-center","text_color":"#000000","text_size":18,"text_weight":400,"border_top":false,"border_bottom":false,"border_left":false,"border_right":false,"mobile_border_top":false,"mobile_border_bottom":false,"mobile_border_left":false,"mobile_border_right":false}},"1602781159761":{"type":"image","settings":{"width":10,"width_mobile":20,"has_padding":false,"image":"shopify:\/\/shop_images\/Rectangle_949_copy_4.png","linked_url":"https:\/\/www.instagram.com\/p\/BjqwHoCgdzF\/","fadeoff":false,"image_pos":"column","text":"","text_align":"text-center","text_color":"#000000","text_size":18,"text_weight":400,"border_top":false,"border_bottom":false,"border_left":false,"border_right":false,"mobile_border_top":false,"mobile_border_bottom":false,"mobile_border_left":false,"mobile_border_right":false}}},"block_order":["1602373911493","1602780355938","1602780427835","1602780656547","1602780698466","1602780813303","1602780860691","1602780935149","1602781102322","1602781159761"],"settings":{"title":"FOLLOW <span style=\"color:#e24d56\">@FASTOR<\/span> ON INSTAGRAM","heading_hide":false,"heading_underline":false,"underline_color":"#3a3a3a","heading_center":true,"has_container":false,"has_padding":false,"color_bg":"rgba(0,0,0,0)","center_content":false,"has_padding_smallscreen":false,"hori_scroll_mobile":false}},"1602841692046":{"type":"creative-builder","blocks":{"1602841702768":{"type":"banner","settings":{"width":33,"width_mobile":90,"height":360,"mobile_height":240,"has_padding":false,"bg_image":"shopify:\/\/shop_images\/Rectangle_1108-3_005c12d8-fea7-471f-9b2f-3c9dbaf9dbb3.png","color_bg":"#cccccc","heading":"BLACK & RED","heading_color":"#000000","heading_size":40,"heading_weight":300,"heading_shadow":false,"heading_bgcolor_use":true,"heading_bgcolor":"#fff","cap":"","cap_color":"#ffffff","cap_size":14,"cap_weight":400,"cap_shadow":false,"cap_bgcolor_use":false,"cap_bgcolor":"#fff","cta_text":"","linked_url":"shopify:\/\/collections\/all","modern":true,"cta_color":"#ffffff","cta_bgcolor":"#000000","cta_size":16,"cta_weight":400,"linklist":"","linklist_color":"#000000","linklist_size":13,"linklist_weight":400,"linklist_col":2,"linklist_type":"left","text_align":"text-align-center","side_padding_hori":50,"side_padding_vert":50,"border_top":false,"border_bottom":false,"border_left":false,"border_right":false,"mobile_border_top":false,"mobile_border_bottom":false,"mobile_border_left":false,"mobile_border_right":false,"title":"Banner"}},"1602841708136":{"type":"banner","settings":{"width":34,"width_mobile":90,"height":360,"mobile_height":240,"has_padding":false,"bg_image":"shopify:\/\/shop_images\/Rectangle_1108-2_f922777f-8f0e-4c89-8ca3-224daeebb968.png","color_bg":"#cccccc","heading":"BLUE?","heading_color":"#000000","heading_size":40,"heading_weight":300,"heading_shadow":false,"heading_bgcolor_use":true,"heading_bgcolor":"#ffffff","cap":"","cap_color":"#ffffff","cap_size":14,"cap_weight":400,"cap_shadow":false,"cap_bgcolor_use":false,"cap_bgcolor":"#fff","cta_text":"","linked_url":"shopify:\/\/collections\/all","modern":true,"cta_color":"#ffffff","cta_bgcolor":"#000000","cta_size":18,"cta_weight":400,"linklist":"","linklist_color":"#000000","linklist_size":13,"linklist_weight":400,"linklist_col":2,"linklist_type":"left","text_align":"text-align-center","side_padding_hori":50,"side_padding_vert":50,"border_top":false,"border_bottom":false,"border_left":false,"border_right":false,"mobile_border_top":false,"mobile_border_bottom":false,"mobile_border_left":false,"mobile_border_right":false,"title":"Banner"}},"1602841712713":{"type":"banner","settings":{"width":33,"width_mobile":100,"height":360,"mobile_height":240,"has_padding":false,"bg_image":"shopify:\/\/shop_images\/Rectangle_1108_f993e045-356e-451e-8f04-32596871f193.png","color_bg":"#cccccc","heading":"CLASSIC BLACK","heading_color":"#000000","heading_size":40,"heading_weight":300,"heading_shadow":false,"heading_bgcolor_use":true,"heading_bgcolor":"#ffffff","cap":"","cap_color":"#ffffff","cap_size":14,"cap_weight":400,"cap_shadow":false,"cap_bgcolor_use":false,"cap_bgcolor":"#fff","cta_text":"","linked_url":"shopify:\/\/collections\/all","modern":true,"cta_color":"#ffffff","cta_bgcolor":"#000000","cta_size":18,"cta_weight":400,"linklist":"","linklist_color":"#000000","linklist_size":13,"linklist_weight":400,"linklist_col":2,"linklist_type":"left","text_align":"text-align-center","side_padding_hori":50,"side_padding_vert":50,"border_top":false,"border_bottom":false,"border_left":false,"border_right":false,"mobile_border_top":false,"mobile_border_bottom":false,"mobile_border_left":false,"mobile_border_right":false,"title":"Banner"}},"1603049227136":{"type":"spacing","settings":{"width":100,"width_mobile":0,"height":30,"mobile_height":20,"color_bg":"rgba(0,0,0,0)","line_thick":0,"line_width":100,"color_line":"#e6e7e8","line_align":"center"}}},"block_order":["1602841702768","1602841708136","1602841712713","1603049227136"],"settings":{"title":"3 banners","heading_hide":true,"heading_underline":false,"underline_color":"#3a3a3a","heading_center":true,"has_container":false,"has_padding":false,"color_bg":"rgba(0,0,0,0)","center_content":false,"has_padding_smallscreen":false,"hori_scroll_mobile":true}},"1603049925544":{"type":"creative-builder","blocks":{"1603049940382":{"type":"video","settings":{"width":100,"width_mobile":100,"has_padding":false,"video_source":"youtube","youtube_url":"https:\/\/www.youtube.com\/watch?v=5fFGVQS8xl8","mp4_url":"","cover_img":"shopify:\/\/shop_images\/video_882cd9b7-cc27-4a56-a539-caf49a005168.png","ratio":"21\/9","title":"WANTED<br>VIDEO?","heading_color":"#ffffff","heading_size":82,"heading_weight":400,"cap":"YOUTUBE & MP4 READY!","cap_color":"#ffffff","cap_size":30,"cap_weight":300}}},"block_order":["1603049940382"],"settings":{"title":"VIdeo","heading_hide":true,"heading_underline":false,"underline_color":"#3a3a3a","heading_center":true,"has_container":false,"has_padding":false,"color_bg":"rgba(0,0,0,0)","center_content":false,"has_padding_smallscreen":false,"hori_scroll_mobile":false}},"1603051214649":{"type":"creative-builder","blocks":{"1603051233685":{"type":"review","settings":{"width":33,"width_mobile":75,"has_padding":false,"comment":"I'm really satisfied with this theme. this is very easy to use. There customer support is very good","star":5,"signature":"- Jane Doe -","color_bg":"rgba(0,0,0,0)","color_comment":"#000","color_signature":"#808080","fontsize_comment":20,"fontsize_signature":14}},"1603051272944":{"type":"review","settings":{"width":34,"width_mobile":75,"has_padding":false,"comment":"Customer support has answered the bunch of questions I have had so far. Thank you so much.","star":5,"signature":"August 17, 2021","color_bg":"rgba(0,0,0,0)","color_comment":"#000","color_signature":"#808080","fontsize_comment":20,"fontsize_signature":14}},"1603051283612":{"type":"review","settings":{"width":33,"width_mobile":75,"has_padding":false,"comment":"Great templates and free plugins, very smooth, and very cheap. I bought 2 of them.","star":5,"signature":"Sep 3, 2021","color_bg":"rgba(0,0,0,0)","color_comment":"#000","color_signature":"#808080","fontsize_comment":20,"fontsize_signature":14}},"1603051969907":{"type":"spacing","settings":{"width":100,"width_mobile":0,"height":40,"mobile_height":30,"color_bg":"rgba(0,0,0,0)","line_thick":0,"line_width":100,"color_line":"#e6e7e8","line_align":"center"}}},"block_order":["1603051233685","1603051272944","1603051283612","1603051969907"],"settings":{"title":"WHAT CUSTOMERS ARE SAYING","heading_hide":false,"heading_underline":false,"underline_color":"#3a3a3a","heading_center":true,"has_container":true,"has_padding":false,"color_bg":"#f3f3f3","center_content":false,"has_padding_smallscreen":true,"hori_scroll_mobile":true}},"1603051453945":{"type":"creative-builder","blocks":{"1603051469934":{"type":"article","settings":{"width":33,"width_mobile":75,"has_padding":true,"article_id":"news\/new-super-collection-2021-lookbook","ratio":"4\/3","color_bg":"#fff","color_title":"#000","color_commentcount":"#808080","fontsize_title":20,"fontsize_info":13}},"1603051522164":{"type":"article","settings":{"width":33,"width_mobile":75,"has_padding":true,"article_id":"news\/the-great-fairy-in-the-universe","ratio":"4\/3","color_bg":"#fff","color_title":"#000","color_commentcount":"#808080","fontsize_title":20,"fontsize_info":13}},"1603051564477":{"type":"article","settings":{"width":33,"width_mobile":75,"has_padding":true,"article_id":"news\/new-super-collection-2020-lookbook","ratio":"4\/3","color_bg":"#fff","color_title":"#000","color_commentcount":"#808080","fontsize_title":20,"fontsize_info":13}},"1603051692493":{"type":"text","settings":{"width":100,"width_mobile":0,"has_padding":true,"text":"<a class=\"btn-modern\" href=\"https:\/\/rt-fastor-default.myshopify.com\/blogs\/news\">SHOW ALL<\/a>","color_text":"#000000","text_align":"justify-content-center"}},"1603131569287":{"type":"spacing","settings":{"width":100,"width_mobile":0,"height":50,"mobile_height":30,"color_bg":"rgba(0,0,0,0)","line_thick":0,"line_width":100,"color_line":"#e6e7e8","line_align":"center"}}},"block_order":["1603051469934","1603051522164","1603051564477","1603051692493","1603131569287"],"settings":{"title":"FROM THE BLOG","heading_hide":false,"heading_underline":false,"underline_color":"#3a3a3a","heading_center":true,"has_container":true,"has_padding":false,"color_bg":"rgba(0,0,0,0)","center_content":true,"has_padding_smallscreen":true,"hori_scroll_mobile":true}},"1603053446548":{"type":"creative-builder","blocks":{"1603053456629":{"type":"promotion","settings":{"width":33,"width_mobile":75,"height":40,"mobile_height":120,"has_padding":false,"linked_url":"shopify:\/\/collections\/all","title":"FREE SHIPPING & RETURN","icon":"speed-truck","icon_pos":"row","hori_alignment":"end","vert_alignment":"center","side_padding_hori":0,"side_padding_vert":0,"font_size":18,"font_weight":400,"color_text":"#000000","color_bg":"#ffffff","border_top":false,"border_bottom":false,"border_left":false,"border_right":false,"mobile_border_top":false,"mobile_border_bottom":false,"mobile_border_left":false,"mobile_border_right":false}},"1603054028838":{"type":"promotion","settings":{"width":34,"width_mobile":75,"height":40,"mobile_height":120,"has_padding":false,"linked_url":"shopify:\/\/collections\/all","title":"MONEY BACK GUARANTEE","icon":"speed-truck","icon_pos":"row","hori_alignment":"center","vert_alignment":"center","side_padding_hori":0,"side_padding_vert":0,"font_size":18,"font_weight":400,"color_text":"#000000","color_bg":"#ffffff","border_top":false,"border_bottom":false,"border_left":false,"border_right":false,"mobile_border_top":false,"mobile_border_bottom":false,"mobile_border_left":false,"mobile_border_right":false}},"1603079791331":{"type":"promotion","settings":{"width":33,"width_mobile":75,"height":40,"mobile_height":120,"has_padding":false,"linked_url":"shopify:\/\/collections\/all","title":"FAST AND RELIABLE SUPPORT","icon":"speed-truck","icon_pos":"row","hori_alignment":"start","vert_alignment":"center","side_padding_hori":0,"side_padding_vert":0,"font_size":18,"font_weight":400,"color_text":"#000000","color_bg":"#ffffff","border_top":false,"border_bottom":false,"border_left":false,"border_right":false,"mobile_border_top":false,"mobile_border_bottom":false,"mobile_border_left":false,"mobile_border_right":false}},"1603079967821":{"type":"spacing","settings":{"width":100,"width_mobile":0,"height":50,"mobile_height":30,"color_bg":"rgba(0,0,0,0)","line_thick":0,"line_width":100,"color_line":"#e6e7e8","line_align":"center"}}},"block_order":["1603053456629","1603054028838","1603079791331","1603079967821"],"settings":{"title":"Promotions","heading_hide":true,"heading_underline":false,"underline_color":"#3a3a3a","heading_center":true,"has_container":true,"has_padding":true,"color_bg":"rgba(0,0,0,0)","center_content":false,"has_padding_smallscreen":false,"hori_scroll_mobile":true}},"1603131622992":{"type":"creative-builder","blocks":{"1603131941413":{"type":"image","settings":{"width":20,"width_mobile":65,"has_padding":false,"image":"shopify:\/\/shop_images\/shop-by-brand-2_01.png","linked_url":"shopify:\/\/collections\/all","fadeoff":false,"image_pos":"column","text":"","text_align":"text-center","text_color":"#000000","text_size":18,"text_weight":400,"border_top":false,"border_bottom":false,"border_left":false,"border_right":false,"mobile_border_top":false,"mobile_border_bottom":false,"mobile_border_left":false,"mobile_border_right":false}},"1603132022142":{"type":"image","settings":{"width":20,"width_mobile":65,"has_padding":false,"image":"shopify:\/\/shop_images\/shop-by-brand-2_02.png","linked_url":"shopify:\/\/collections\/all","fadeoff":false,"image_pos":"column","text":"","text_align":"text-center","text_color":"#000000","text_size":18,"text_weight":400,"border_top":false,"border_bottom":false,"border_left":false,"border_right":false,"mobile_border_top":false,"mobile_border_bottom":false,"mobile_border_left":false,"mobile_border_right":false}},"1603132068025":{"type":"image","settings":{"width":20,"width_mobile":65,"has_padding":false,"image":"shopify:\/\/shop_images\/shop-by-brand-2_03.png","linked_url":"shopify:\/\/collections\/all","fadeoff":false,"image_pos":"column","text":"","text_align":"text-center","text_color":"#000000","text_size":18,"text_weight":400,"border_top":false,"border_bottom":false,"border_left":false,"border_right":false,"mobile_border_top":false,"mobile_border_bottom":false,"mobile_border_left":false,"mobile_border_right":false}},"1603132107567":{"type":"image","settings":{"width":20,"width_mobile":65,"has_padding":false,"image":"shopify:\/\/shop_images\/shop-by-brand-2_04.png","linked_url":"shopify:\/\/collections\/all","fadeoff":false,"image_pos":"column","text":"","text_align":"text-center","text_color":"#000000","text_size":18,"text_weight":400,"border_top":false,"border_bottom":false,"border_left":false,"border_right":false,"mobile_border_top":false,"mobile_border_bottom":false,"mobile_border_left":false,"mobile_border_right":false}},"1603132137317":{"type":"image","settings":{"width":20,"width_mobile":65,"has_padding":false,"image":"shopify:\/\/shop_images\/shop-by-brand-2_05.png","linked_url":"shopify:\/\/collections\/all","fadeoff":false,"image_pos":"column","text":"","text_align":"text-center","text_color":"#000000","text_size":18,"text_weight":400,"border_top":false,"border_bottom":false,"border_left":false,"border_right":false,"mobile_border_top":false,"mobile_border_bottom":false,"mobile_border_left":false,"mobile_border_right":false}},"1603132234597":{"type":"spacing","settings":{"width":100,"width_mobile":0,"height":50,"mobile_height":30,"color_bg":"rgba(0,0,0,0)","line_thick":0,"line_width":100,"color_line":"#e6e7e8","line_align":"center"}}},"block_order":["1603131941413","1603132022142","1603132068025","1603132107567","1603132137317","1603132234597"],"settings":{"title":"SHOP BY BRAND","heading_hide":true,"heading_underline":false,"underline_color":"#3a3a3a","heading_center":true,"has_container":true,"has_padding":false,"color_bg":"rgba(0,0,0,0)","center_content":false,"has_padding_smallscreen":false,"hori_scroll_mobile":true}},"1603333080297":{"type":"creative-builder","blocks":{"1603333110116":{"type":"collection","settings":{"width":100,"width_mobile":100,"has_padding":false,"collection_id":"latest-products","limit":8,"hori_scroll_mobile":true,"is_slider":true,"slider_items":4,"slider_items_mobile":2,"slider_arrow_pos":"cent-side","title":"Collection"}},"1603333229541":{"type":"spacing","settings":{"width":100,"width_mobile":0,"height":50,"mobile_height":30,"color_bg":"rgba(0,0,0,0)","line_thick":0,"line_width":100,"color_line":"#e6e7e8","line_align":"center"}}},"block_order":["1603333110116","1603333229541"],"settings":{"title":"SUMMER COLLECTION 2020","heading_hide":false,"heading_underline":false,"underline_color":"#3a3a3a","heading_center":true,"has_container":true,"has_padding":false,"color_bg":"rgba(0,0,0,0)","center_content":false,"has_padding_smallscreen":false,"hori_scroll_mobile":false}},"1603333180456":{"type":"creative-builder","blocks":{"1603333192851":{"type":"spacing","settings":{"width":100,"width_mobile":0,"height":30,"mobile_height":30,"color_bg":"rgba(0,0,0,0)","line_thick":0,"line_width":100,"color_line":"#e6e7e8","line_align":"center"}}},"block_order":["1603333192851"],"settings":{"title":"Spacing","heading_hide":true,"heading_underline":false,"underline_color":"#3a3a3a","heading_center":true,"has_container":true,"has_padding":false,"color_bg":"rgba(0,0,0,0)","center_content":false,"has_padding_smallscreen":false,"hori_scroll_mobile":false}},"1603333276318":{"type":"creative-builder","blocks":{"1603333289386":{"type":"spacing","settings":{"width":100,"width_mobile":0,"height":40,"mobile_height":30,"color_bg":"#f3f3f3","line_thick":0,"line_width":100,"color_line":"#e6e7e8","line_align":"center"}}},"block_order":["1603333289386"],"settings":{"title":"Spacing","heading_hide":true,"heading_underline":false,"underline_color":"#3a3a3a","heading_center":true,"has_container":false,"has_padding":false,"color_bg":"rgba(0,0,0,0)","center_content":false,"has_padding_smallscreen":false,"hori_scroll_mobile":false}}},"order":["1600746143555","1601007560458","1603053446548","1601371831722","1603049925544","1602841692046","1603333080297","1603333276318","1603051214649","1603333180456","1603051453945","1603131622992","1602373899330"]}