{"sections":{"page-about-section":{"type":"page-about-section","blocks":{"1603536807254":{"type":"welcome","settings":{"image":"","sticker":"","text":""}},"1603558365260":{"type":"info","settings":{"heading":"Suspendisse elementum, sapien id finibus lobortis, sem est auctor lectus, nec bibendum ipsum dui vel dolor.","title1":"20m+","caption1":"Customers<br> in one year","title2":"2.000","caption2":"Products added<br> each month","title3":"90%","caption3":"Biggest discount<br>  in our store"}}},"block_order":["1603536807254","1603558365260"],"settings":{}}},"order":["page-about-section"]}