{"sections":{"page-gallery-template":{"type":"page-gallery-template","blocks":{"1603537274789":{"type":"gallery","settings":{"gallery_type":"small","image1":"shopify:\/\/shop_images\/gallery1.png","heading1":"Nice baloon pink baloon","caption1":"Support for 2560-by-1600 pixel resolution for display of high definition still and video imagery.","image2":"shopify:\/\/shop_images\/Rectangle_1108-2.png","heading2":"Perfect leather skirt","caption2":"30-inch (viewable) active-matrix liquid crystal display provides breathtaking image quality and vivid, richly saturated color.","image3":"shopify:\/\/shop_images\/Rectangle_1108.png","heading3":"Short shirt","caption3":"Incredibly wide (170 degree) horizontal and vertical viewing angle for maximum visibility and color performance."}},"1603538777866":{"type":"gallery","settings":{"gallery_type":"large","image1":"shopify:\/\/shop_images\/gallery4.png","heading1":"Nice baloon pink baloon","caption1":"Support for 2560-by-1600 pixel resolution for display of high definition still and video imagery.","image2":"shopify:\/\/shop_images\/gallery_1f9887df-d3b9-4a48-a734-aca7da852a9b.png","heading2":"Short shirt","caption2":"Incredibly wide (170 degree) horizontal and vertical viewing angle for maximum visibility and color performance.","image3":"shopify:\/\/shop_images\/gallery6.png","heading3":"Short shirt","caption3":"Incredibly wide (170 degree) horizontal and vertical viewing angle for maximum visibility and color performance."}},"1603538823484":{"type":"gallery","settings":{"gallery_type":"small","image1":"shopify:\/\/shop_images\/gallery7.png","heading1":"Nice baloon pink baloon","caption1":"Support for 2560-by-1600 pixel resolution for display of high definition still and video imagery.","image2":"shopify:\/\/shop_images\/gallery8.png","heading2":"Perfect leather skirt","caption2":"30-inch (viewable) active-matrix liquid crystal display provides breathtaking image quality and vivid, richly saturated color.","image3":"shopify:\/\/shop_images\/gallery9.png","heading3":"Short shirt","caption3":"Incredibly wide (170 degree) horizontal and vertical viewing angle for maximum visibility and color performance."}},"1603537277714":{"type":"instagram","settings":{"heading":"Follow <a href=\"https:\/\/www.instagram.com\/roartheme\">@Fastor<\/a> on instagram","image1":"shopify:\/\/shop_images\/Rectangle_949_copy_5.png","url1":"","image2":"shopify:\/\/shop_images\/Rectangle_949_copy_4.png","url2":"","image3":"shopify:\/\/shop_images\/Rectangle_949_copy_2.png","url3":"","image4":"shopify:\/\/shop_images\/Rectangle_949_copy_3-2.png","url4":"","image5":"shopify:\/\/shop_images\/Rectangle_949_copy_3.png","url5":"","image6":"shopify:\/\/shop_images\/Rectangle_949_copy_8.png","url6":"","image7":"shopify:\/\/shop_images\/Rectangle_949_copy_7.png","url7":"","image8":"shopify:\/\/shop_images\/Rectangle_949_copy_6.png","url8":"","image9":"shopify:\/\/shop_images\/Rectangle_949_copy_5.png","url9":"","image10":"shopify:\/\/shop_images\/Rectangle_949_copy_4.png","url10":""}}},"block_order":["1603537274789","1603538777866","1603538823484","1603537277714"],"settings":{}}},"order":["page-gallery-template"]}